"id";"parent_id";"level";"object_id";"object_type";"query_status";"query_time";"query_type";"name";"message"
"31860";"31859";"1";"121439954563203_2783592858347886";"data";"fetched (200)";"2019-03-03 12:00:36.133000";"Facebook:<page>/posts";"";"प्रधानमंत्री श्री नरेन्द्र मोदी जी आज दोपहर 3.30 बजे अमेठी, उत्तर प्रदेश में विभिन्न विकास परियोजनाओं का लोकार्पण एवं शिलान्यास करेंगें।"
"31861";"31859";"1";"121439954563203_2783592158347956";"data";"fetched (200)";"2019-03-03 12:00:36.133000";"Facebook:<page>/posts";"";"प्रधानमंत्री श्री नरेन्द्र मोदी जी आज पटना के ऐतिहासिक गांधी मैदान में विजय संकल्प रैली को सम्बोधित करेंगें।   लाइव देखें   • facebook.com/BJP4India • pscp.tv/BJP4India • youtube.com/BJP4India • bjplive.org"
"31862";"31859";"1";"121439954563203_2783591431681362";"data";"fetched (200)";"2019-03-03 12:00:36.133000";"Facebook:<page>/posts";"";"BJP National President Shri Amit Shah will attend ‘Lakshya JITO’ program at GMDC Hall, Ahmedabad, Gujarat. Stay tuned for LIVE updates."
"31863";"31859";"1";"121439954563203_2783591028348069";"data";"fetched (200)";"2019-03-03 12:00:36.133000";"Facebook:<page>/posts";"";"श्री अमित शाह आज दोपहर 12 बजे सूरत में गुजराती मोढ़ मोदी समाज के राष्ट्रीय महाधिवेशन को सम्बोधित करेंगें।"
"31864";"31859";"1";"121439954563203_404074790154140";"data";"fetched (200)";"2019-03-03 12:00:36.133000";"Facebook:<page>/posts";"";"LIVE : PM Shri Narendra Modi interacts with participants of Smart India Hackathon 2019 through video conference"
"31865";"31859";"1";"121439954563203_2782517461788759";"data";"fetched (200)";"2019-03-03 12:00:36.133000";"Facebook:<page>/posts";"";"ये डर अच्छा है!"
"31866";"31859";"1";"121439954563203_391077828372110";"data";"fetched (200)";"2019-03-03 12:00:36.133000";"Facebook:<page>/posts";"";"LIVE : PM Shri Narendra Modi's keynote address at 'India Today Conclave 2019' #ModiAtConclave19"
"31867";"31859";"1";"121439954563203_2781950361845469";"data";"fetched (200)";"2019-03-03 12:00:36.133000";"Facebook:<page>/posts";"";"भाजपा का स्पष्ट मत है कि चुनाव देश के 50 करोड़ गरीबों के जीवन में सुख-चैन लाने के लिए होना चाहिए।  चुनाव देश को महाशक्ति बनाने, देश का गौरव ऊंचा उठाने, देश की सुरक्षा को सुनिश्चित करने और पाकिस्तान को मुंह तोड़ जवाब देने के लिए होना चाहिए : श्री अमित शाह #BJPVijaySankalpBikeRally"
"31868";"31859";"1";"121439954563203_2781933521847153";"data";"fetched (200)";"2019-03-03 12:00:36.133000";"Facebook:<page>/posts";"";"देश दशकों से आतंकवाद से पीड़ित रहा है। क्या कांग्रेस में कभी आतंकवाद को जवाब देने का जज्बा दिखा? 26/11 जैसे हमलों के बाद क्या कभी कांग्रेस ने आतंकवादियों को जवाब दिया?  देश के जवानों के खून का बदला लेने की कांग्रेस में कभी हिम्मत नहीं रही : श्री अमित शाह #BJPVijaySankalpBikeRally"
"31869";"31859";"1";"121439954563203_2781576151882890";"data";"fetched (200)";"2019-03-03 12:00:36.133000";"Facebook:<page>/posts";"";"PM Shri Narendra Modi will deliver his keynote address at India Today Conclave 2019 at 8 pm. Watch LIVE at   • facebook.com/BJP4India  • pscp.tv/BJP4India • youtube.com/BJP4India"
"31870";"31859";"1";"121439954563203_612736142499732";"data";"fetched (200)";"2019-03-03 12:00:36.133000";"Facebook:<page>/posts";"";"लाइव : श्री अमित शाह उमरिया, मध्य प्रदेश में #BJPVijaySankalpBikeRally में हिस्सा लेते हुए।"
"31871";"31859";"1";"121439954563203_2311996039071688";"data";"fetched (200)";"2019-03-03 12:00:36.133000";"Facebook:<page>/posts";"";"LIVE : Shri Amit Shah flags off BJP's nationwide 'Vijay Sankalp Bike Rally' from Umaria, Madhya Pradesh. #BJPVijaySankalpBikeRally"
"31872";"31859";"1";"121439954563203_2781590368548135";"data";"fetched (200)";"2019-03-03 12:00:36.133000";"Facebook:<page>/posts";"";"हिन्दुस्तान जो भी करता है, दुनिया उसे गौर से देखती है।  भारत की ताकत है कि वो डिक्शनरी के शब्दों का अर्थ बदल देता है।   कभी अभिनन्दन का अर्थ होता था 'congratulations' और अब अभिनन्दन का अर्थ ही बदल जाएगा : पीएम मोदी"
"31873";"31859";"1";"121439954563203_2781230211917484";"data";"fetched (200)";"2019-03-03 12:00:36.133000";"Facebook:<page>/posts";"";"Simple illustration of how an individual earning up to Rs. 9.75 lakh per year can end up paying 0 tax by availing tax saving provisions brought by the Modi government."
"31874";"31859";"1";"121439954563203_427445167991118";"data";"fetched (200)";"2019-03-03 12:00:36.133000";"Facebook:<page>/posts";"";"LIVE: PM Shri Narendra Modi inaugurates 'Construction Technology India 2019'."
"31875";"31859";"1";"121439954563203_2780368025337036";"data";"fetched (200)";"2019-03-03 12:00:36.133000";"Facebook:<page>/posts";"";"With the aim to provide a better and safer journey to its passenger and connecting different parts of India, the Indian Railways has been improving its infrastructure at a pace like never before.  The Indian Railways is on a track that leads to development at a faster pace."
"31876";"31859";"1";"121439954563203_2780356955338143";"data";"fetched (200)";"2019-03-03 12:00:36.133000";"Facebook:<page>/posts";"";"भाजपा राष्ट्रीय अध्यक्ष श्री अमित शाह कल सुबह 11 बजे मध्य प्रदेश से विजय संकल्प बाइक रैली का शुभारंभ करेंगे।  सभी भाजपा कार्यकर्ताओं से अनुरोध है कि #BJPVIjaySankalpBikeRally में अधिक से अधिक संख्या में सम्मिलित हों।"
"31877";"31859";"1";"121439954563203_2780048645368974";"data";"fetched (200)";"2019-03-03 12:00:36.133000";"Facebook:<page>/posts";"";"पराक्रमी भारत के लिए, भारत माता की जय।   विजयी भारत के लिए, भारत माता की जय।   वीर जवानों के लिए, भारत माता की जय: प्रधानमंत्री श्री नरेन्द्र मोदी #AndhraThanksModi"
"31878";"31859";"1";"121439954563203_2780047732035732";"data";"fetched (200)";"2019-03-03 12:00:36.133000";"Facebook:<page>/posts";"";"While Chandrababu Naidu’s government has put partisan politics above development of Andhra Pradesh, here are some major delivery of development projects by the Modi government. #AndhraThanksModi"
"31879";"31859";"1";"121439954563203_2143109735802329";"data";"fetched (200)";"2019-03-03 12:00:36.133000";"Facebook:<page>/posts";"";"LIVE : PM Shri Narendra Modi addresses Public Meeting at Visakhapatnam, Andhra Pradesh. #AndhraThanksModi"
"31880";"31859";"1";"121439954563203_2779814368725735";"data";"fetched (200)";"2019-03-03 12:00:36.133000";"Facebook:<page>/posts";"";"An arrogant Cabinet Minister said, "" Zero loss to a scam worth lakhs of rupees"".   The famous Recounting Minister who took pride in treating people badly has to now apply for a family pack for bail, just like his party's first family : PM Modi #TNTrustsModi"
"31881";"31859";"1";"121439954563203_2779805788726593";"data";"fetched (200)";"2019-03-03 12:00:36.133000";"Facebook:<page>/posts";"";"Sadly, a few parties, guided by Modi hatred have started hating India. No wonder, while the entire nation supports our armed forces, they suspect the armed forces.  The world is supporting India’s fight against terror but a few parties suspect our fight against terror : PM Modi #TNTrustsModi"
"31882";"31859";"1";"121439954563203_2779796865394152";"data";"fetched (200)";"2019-03-03 12:00:36.133000";"Facebook:<page>/posts";"";"India has been facing the menace of terrorism for years, but there is a big difference now.  Uri happened and you saw what our brave soldiers did.  Pulwama happened and you saw what our brave air warriors did.  I salute all those who are serving the nation : PM Modi #TNTrustsModi"
"31883";"31859";"1";"121439954563203_2779792425394596";"data";"fetched (200)";"2019-03-03 12:00:36.133000";"Facebook:<page>/posts";"";"The foundation stone of a railway line between Rameshwaram and Dhanushkodi has been laid today.  This line got damaged during the disaster of 1964 but for over 50 years, no attention was paid to this line : PM Modi #TNTrustsModi"
"31884";"31859";"1";"121439954563203_2779721412068364";"data";"fetched (200)";"2019-03-03 12:00:36.133000";"Facebook:<page>/posts";"";"India has always embraced & found it easy to embrace pluralism since it is embedded in the oldest Sanskrit religious text “The Rig Veda” and I quote ""एकं सद्विप्रा बहुधा वदन्ति"", which means “God is One but learned men describe him in many ways"": EAM Smt Sushma Swaraj, OIC Summit  Watch full speech at https://youtu.be/6UGl7if_qC8"
"31885";"31859";"1";"121439954563203";"offcut";"fetched (200)";"2019-03-03 12:00:36.133000";"Facebook:<page>/posts";"";""
"31886";"31859";"1";"121439954563203_2779623918744780";"data";"fetched (200)";"2019-03-03 12:00:36.829000";"Facebook:<page>/posts";"";"The long-standing demand of Andhra Pradesh of creating a separate railway zone which was rejected by the UPA government in 2013, has been fulfilled by the Modi government. #AndhraThanksModi"
"31887";"31859";"1";"121439954563203_2779581342082371";"data";"fetched (200)";"2019-03-03 12:00:36.829000";"Facebook:<page>/posts";"";"मोदी सरकार का जम्मू-कश्मीर के लिए ऐतिहासिक निर्णय।  आर्थिक रूप से कमजोर वर्ग के युवाओं को भी मिलेगा शैक्षिक संस्थानों और राज्य सरकार की नौकरियों में आरक्षण। साथ ही राज्य के अनुसूचित जाति और अनुसूचित जनजातियों के लोगों को मिलेगा पदोन्नति में आरक्षण का लाभ। http://bit.ly/JKOrdinance"
"31888";"31859";"1";"121439954563203_2436176503277682";"data";"fetched (200)";"2019-03-03 12:00:36.829000";"Facebook:<page>/posts";"";"LIVE : PM Shri Narendra Modi lays foundation stone & inaugurates various development projects in Kanyakumari. #TNTrustsModi"
"31889";"31859";"1";"121439954563203_2779262842114221";"data";"fetched (200)";"2019-03-03 12:00:36.829000";"Facebook:<page>/posts";"";"Just when you think Rahul Gandhi’s Congress can’t stoop lower, they breach their own record.  Faking a video by the name of braveheart Abhinandan’s wife for political propaganda is beyond even shameful."
"31890";"31859";"1";"121439954563203_2779254855448353";"data";"fetched (200)";"2019-03-03 12:00:36.829000";"Facebook:<page>/posts";"";"उरी की घटना के बाद सर्जिकल स्ट्राइक और पुलवामा की घटना के बाद एयर स्ट्राइक से ये स्पष्ट संदेश जाता है कि देश में अब 2004-14 वाली सरकार नहीं बल्कि   2014-19 वाली मोदी सरकार है जो आतंकवाद के खिलाफ जीरो टॉलरेंस की नीति अपनाए हुए हैं: श्री अमित शाह #ShahAtIndiaTodayConclave"
"31891";"31859";"1";"121439954563203_2779246405449198";"data";"fetched (200)";"2019-03-03 12:00:36.829000";"Facebook:<page>/posts";"";"देश की जनता सवाल कर रही है कि 26/11 के आतंकी हमले का जवाब क्यों नहीं दिया गया?  इतनी बड़ी घटना के बाद तब की सरकार ने क्या किया?: श्री अमित शाह #ShahAtIndiaTodayConclave"
"31892";"31859";"1";"121439954563203_2779170395456799";"data";"fetched (200)";"2019-03-03 12:00:36.829000";"Facebook:<page>/posts";"";"आयुष्मान भारत योजना के तहत अब गरीब से गरीब नागरिक का इलाज भी मुमकिन है।  नामुमकिन अब मुमकिन है!"
"31893";"31859";"1";"121439954563203_562715784226991";"data";"fetched (200)";"2019-03-03 12:00:36.829000";"Facebook:<page>/posts";"";"LIVE: Shri Amit Shah is speaking at 'India Today Conclave 2019. #ShahAtIndiaTodayConclave"
"31894";"31859";"1";"121439954563203_2778122945561544";"data";"fetched (200)";"2019-03-03 12:00:36.829000";"Facebook:<page>/posts";"";"आयुष्मान भारत योजना के तहत अब गरीब से गरीब नागरिक का इलाज भी मुमकिन है।  नामुमकिन अब मुमकिन है!"
"31895";"31859";"1";"121439954563203_2778099458897226";"data";"fetched (200)";"2019-03-03 12:00:36.829000";"Facebook:<page>/posts";"";"PM Shri Narendra Modi will address a public meeting at 6.30 pm today in Visakhapatnam. Watch at facebook.com/BJP4India and bjplive.org. Dial 9345014501 to listen LIVE."
"31896";"31859";"1";"121439954563203_2778120568895115";"data";"fetched (200)";"2019-03-03 12:00:36.829000";"Facebook:<page>/posts";"";"देखिए कैसे पीएम मोदी ने नामुमकिन  में से 'ना' हटा उसको मुमकिन बनाया।   नामुमकिन अब मुमकिन है!"
"31897";"31859";"1";"121439954563203_2778126345561204";"data";"fetched (200)";"2019-03-03 12:00:36.829000";"Facebook:<page>/posts";"";"BJP National President Shri Amit Shah will address 'India Today Conclave 2019' at 10 am tomorrow. Watch at http://facebook.com/BJP4India. #ShahAtIndiaTodayConclave"
"31898";"31859";"1";"121439954563203_2777707322269773";"data";"fetched (200)";"2019-03-03 12:00:36.829000";"Facebook:<page>/posts";"";"साइंस और टेक्नोलॉजी का असर तब ज्यादा होता है, जब उसका प्रभाव समाज के अंतिम व्यक्ति और वंचित वर्ग को मिलता है।  ऐसे में, विज्ञान और तकनीक को देश की चुनौतियों से जोड़ने के साथ ही देश की सभी वैज्ञानिक एजेंसियों को इस अभियान का हिस्सा बनाना भी आवश्यक है : पीएम श्री नरेन्द्र मोदी"
"31899";"31859";"1";"121439954563203_2777688908938281";"data";"fetched (200)";"2019-03-03 12:00:36.829000";"Facebook:<page>/posts";"";"मुझे पूरा विश्वास है कि वर्ष 2022 तक देश का अपना गगनयान सफलतापूर्वक, देश के बेटे-बेटियों को अंतरिक्ष में ले जाएगा और वहां तिरंगा फहराएगा: प्रधानमंत्री श्री नरेन्द्र मोदी"
"31900";"31859";"1";"121439954563203_2777598592280646";"data";"fetched (200)";"2019-03-03 12:00:36.829000";"Facebook:<page>/posts";"";"पहले फिल्में बनती थीं कि भारत में कैसे Attacks हुए, अब फिल्में दिखाती हैं कि भारत ने कैसे उन Attacks का मुंहतोड़ जवाब दिया।  पहले दुनिया भर में सिर्फ बैटमैन जैसे हीरो हुआ करते थे। अब दुनिया भर के लिए बाहुबली भी एक हीरो है: प्रधानमंत्री श्री नरेन्द्र मोदी #MeraBoothSabseMazboot"
"31901";"31859";"1";"121439954563203_2777524535621385";"data";"fetched (200)";"2019-03-03 12:00:36.829000";"Facebook:<page>/posts";"";"अभी-अभी एक ‘पायलट प्रोजेक्ट’ पूरा हो गया।  अभी रियल करना है, पहले तो प्रैक्टिस थी: प्रधानमंत्री श्री नरेंद्र मोदी"
"31902";"31859";"1";"121439954563203_418197648950104";"data";"fetched (200)";"2019-03-03 12:00:36.829000";"Facebook:<page>/posts";"";"LIVE : PM Shri Narendra Modi confers the Shanti Swarup Bhatnagar Prize."
"31903";"31859";"1";"121439954563203_2777421892298316";"data";"fetched (200)";"2019-03-03 12:00:36.829000";"Facebook:<page>/posts";"";"पहले भारत का चित्रण एक गरीब देश के रूप में किया जाता था और अब भारत को निवेश के लिए सबसे अच्छे डेस्टिनेशन के रूप में जाना जाता है।  पहले भारत को सांप-सपेरे का देश बताया जाता था और अब साइंस, स्टार्टअप और सैटेलाइट के देश के रूप में जाना जाता है : पीएम मोदी #MeraBoothSabseMazboot"
"31904";"31859";"1";"121439954563203_2777412852299220";"data";"fetched (200)";"2019-03-03 12:00:36.829000";"Facebook:<page>/posts";"";"कुम्भ में सफाई कामगारों ने 22 करोड़ लोगों के लिए स्वच्छता बनाए रखने के लिए काफी मेहनत की और विश्व में भारत का नाम रौशन किया।   जब मैं वहां गया तो मेरा मन हुआ कि मैं सफाई कामगारों के पैर धोकर सम्मान करूं, इसलिए मैंने ऐसा किया और ये हमारे संस्कार हैं : पीएम मोदी #MeraBoothSabseMazboot"
"31905";"31859";"1";"121439954563203_2777379118969260";"data";"fetched (200)";"2019-03-03 12:00:36.829000";"Facebook:<page>/posts";"";"1998-1999 में पचमढ़ी में आयोजित कॉन्क्लेव में कांग्रेस ने एक प्रस्ताव पारित किया था, उसमें उनका घमंड साफ झलक रहा था।  उन्होंने कहा था कि हमें किसी सहयोगी की जरूरत नहीं है, हम अकेले ही ठीक हैं। एकला चालो रे से लेकर हम साथ-साथ हैं, यह कांग्रेस की मजबूरी की कहानी है : पीएम #MeraBoothSabseMazboot"
"31906";"31859";"1";"121439954563203_2777366988970473";"data";"fetched (200)";"2019-03-03 12:00:36.829000";"Facebook:<page>/posts";"";"मीडिया के हमारे मित्रों की एक fixed cycle है। चुनाव से पहले मीडिया के हमारे मित्र कहते हैं कि भाजपा के लिए यह चुनौती है।  हमें भी मीडिया को कोसने से ज्यादा इसे चुनौती के रूप में स्वीकार करना है। हमने पिछले 5 सालों में 130 करोड़ भारतीयों के लिए समान मेहनत की है: पीएम मोदी #MeraBoothSabseMazboot"
"31907";"31859";"1";"121439954563203_2777357982304707";"data";"fetched (200)";"2019-03-03 12:00:36.829000";"Facebook:<page>/posts";"";"भाजपा कार्यकर्ता की संस्कृति एकदम अलग होती है।  विनम्रता, सादगी, सरलता और सहजता उसकी पहचान है। यहां फैसले का आधार कार्यकर्ताओं का फीडबैक होता है।  भाजपा कार्यकर्ता जनता जनार्दन के सुख और दु:ख में सहभागी होता है। हमारी पार्टी को असली बल अपने कार्यकर्ताओं से मिलता है: पीएम मोदी #MeraBoothSabseMazboot"
"31908";"31859";"1";"121439954563203_2777318205642018";"data";"fetched (200)";"2019-03-03 12:00:36.829000";"Facebook:<page>/posts";"";"2014 से 2019 आवश्यकताओं को पूरा करने का समय था, जबकि 2019 से 2024 आकांक्षाओं को पूरा करने का अवसर है।  2014 से 2019 बुनियादी जरूरतों को हर घर तक पहुंचाने का समय था, जबकि 2019 से 2024 तेज उन्नति के लिए उड़ान भरने का अवसर है : पीएम श्री नरेन्द्र मोदी #MeraBoothSabseMazboot"
"31909";"31859";"1";"121439954563203_2777248065649032";"data";"fetched (200)";"2019-03-03 12:00:36.829000";"Facebook:<page>/posts";"";"देश चल पड़ा है प्रगति पथ पर बस यूं ही चलते रहना है  बहुत कुछ मजबूत किया है बहुत कुछ मजबूत करना है  तो आओ अब ये ठान लें ये बात गांठ बांध लें बड़ी मुश्किल से घूमा है प्रगति का पहिया प्रगति के इस पहिए को अब रुकने नहीं देंगे: पीएम नरेन्द्र मोदी #MeraBoothSabseMazboot"
"31910";"31859";"1";"121439954563203_2777155785658260";"data";"fetched (200)";"2019-03-03 12:00:36.829000";"Facebook:<page>/posts";"";"जब दुश्मन भारत पर आतंकी हमला करता है, तो उसका एक मकसद यह भी होता है कि हमारी गति और प्रगति रुक जाए।   उसके इस मकसद के सामने हमें दीवार बनकर दिखा देना है कि न ये देश रुकेगा, न ही देश की प्रगति थमेगी : पीएम मोदी #MeraBoothSabseMazboot"
"31911";"31859";"1";"121439954563203";"offcut";"fetched (200)";"2019-03-03 12:00:36.829000";"Facebook:<page>/posts";"";""
"31912";"31859";"1";"121439954563203_2777106638996508";"data";"fetched (200)";"2019-03-03 12:00:37.213000";"Facebook:<page>/posts";"";"India will live as one India will work as one India will grow as one India will fight as one India will win as one : PM Shri Narendra Modi #MeraBoothSabseMazboot"
"31913";"31859";"1";"121439954563203_2159658044249592";"data";"fetched (200)";"2019-03-03 12:00:37.213000";"Facebook:<page>/posts";"";"LIVE : PM Shri Narendra Modi’s mega interaction from 15,000 locations across the country. #MeraBoothSabseMazboot"
"31914";"31859";"1";"121439954563203_2775769562463549";"data";"fetched (200)";"2019-03-03 12:00:37.213000";"Facebook:<page>/posts";"";"पीएम श्री नरेन्द्र मोदी आज दोपहर 12 बजे पार्टी कार्यकर्ताओं, वॉलंटियर्स और समर्थकों के साथ महासंवाद करेंगे। लाइव देखें   → facebook.com/BJP4India → periscope.tv/BJP4india → youtube.com/BJP4India → bjplive.org   #MeraBoothSabseMazboot"
"31915";"31859";"1";"121439954563203_2775760902464415";"data";"fetched (200)";"2019-03-03 12:00:37.213000";"Facebook:<page>/posts";"";"पीएम श्री नरेन्द्र मोदी कल दोपहर 12 बजे #MeraBoothSabseMazboot कार्यक्रम के अंतर्गत पार्टी कार्यकर्ताओं, वॉलंटियर्स और समर्थकों के साथ सीधा संवाद करेंगे।  भाजपा राष्ट्रीय अध्यक्ष श्री अमित शाह भी नई दिल्ली में पार्टी कार्यकर्ताओं एवं पदाधिकारियों के साथ कार्यक्रम में भाग लेंगे।"
"31916";"31859";"1";"121439954563203_399560144178952";"data";"fetched (200)";"2019-03-03 12:00:37.213000";"Facebook:<page>/posts";"";"LIVE: Shri Prakash Javadekar addressing a press conference at BJP HQ."
"31917";"31859";"1";"121439954563203_2774880192552486";"data";"fetched (200)";"2019-03-03 12:00:37.213000";"Facebook:<page>/posts";"";"युवा सपनों और आकांक्षाओं को रोकना नहीं चाहिए उन्हें उन्मुक्त गगन में उड़ने देना चाहिए।  लोग कहते हैं कि आजकल का युवा सवाल बहुत पूछता है, उसमें धैर्य नहीं है, उसे हर चीज में नयापन चाहिए।  लोग कुछ भी कहें, लेकिन मैं मानता हूं कि युवा है तो ये सब जरूरी है। ये युवा के लक्षण हैं: पीएम मोदी"
"31918";"31859";"1";"121439954563203_2774842292556276";"data";"fetched (200)";"2019-03-03 12:00:37.213000";"Facebook:<page>/posts";"";"टोकनिज्म में मेरा विश्वास नहीं है। एक लंबी सोच के साथ इंटरलिंक व्यवस्थाएं विकसित करना मेरी कार्यशैली का हिस्सा है।  मेरे एक बड़े सपने का छोटा हिस्सा आज यहां शुरू हुआ है। मैं चाहूंगा कि आगे आपकी भागीदारी से ये व्यवस्था विकसित हो : पीएम मोदी"
"31919";"31859";"1";"121439954563203_2774779435895895";"data";"fetched (200)";"2019-03-03 12:00:37.213000";"Facebook:<page>/posts";"";"PM Shri Narendra Modi launches #KheloIndia Mobile App at the National Youth Parliament Festival, 2019 in New Delhi.  Watch his full speech at https://youtu.be/-Dkgjv_wem0"
"31920";"31859";"1";"121439954563203_2774631085910730";"data";"fetched (200)";"2019-03-03 12:00:37.213000";"Facebook:<page>/posts";"";"महान क्रांतिकारी, देशभक्त अमर शहीद चंद्रशेखर आजाद के बलिदान दिवस पर विनम्र श्रद्धांजलि।"
"31921";"31859";"1";"121439954563203_338975396825989";"data";"fetched (200)";"2019-03-03 12:00:37.213000";"Facebook:<page>/posts";"";"LIVE : PM Shri Narendra Modi confers the National Youth Parliament Festival Awards in New Delhi"
"31922";"31859";"1";"121439954563203_2773480239359148";"data";"fetched (200)";"2019-03-03 12:00:37.213000";"Facebook:<page>/posts";"";"भाजपा राष्ट्रीय अध्यक्ष श्री अमित शाह ने गाजीपुर, उत्तर प्रदेश के मौजा-गौरहट, तैतारपुर में श्री रुद्रप्रसाद जी के घर पर दीपक जलाकर ‘कमल ज्योति संकल्प’ अभियान का शुभारंभ किया।  यह दीप प्रतीक है विकास का, विश्वास का और मोदी जी के नेतृत्व में हो रहे जन-कल्याण का।  आप भी #BJPKamalJyoti हैशटैग के साथ अपनी फ़ोटो साझा करें।"
"31923";"31859";"1";"121439954563203_2773463436027495";"data";"fetched (200)";"2019-03-03 12:00:37.213000";"Facebook:<page>/posts";"";"आजादी के बाद 70 वर्षों में से 55 साल तक कांग्रेस और उसके अन्य साथियों ने शासन किया पर गरीबों का दुख कभी दूर नहीं किया।  गरीब के घर में गैस नहीं थी, बिजली नहीं थी, शौचालय नहीं था, स्वास्थ्य सेवाएं नहीं थीं, मुद्रा योजना जैसी कोई सुविधा नहीं थी: श्री अमित शाह"
"31924";"31859";"1";"121439954563203_2773423836031455";"data";"fetched (200)";"2019-03-03 12:00:37.213000";"Facebook:<page>/posts";"";"Join PM Shri Narendra Modi’s mega interaction with BJP karyakartas and volunteers from more than 15,000 locations across the country on 28th February 2019 at 12:30pm.  Share your questions and ideas using #MeraBoothSabseMazboot."
"31925";"31859";"1";"121439954563203_2773019819405190";"data";"fetched (200)";"2019-03-03 12:00:37.213000";"Facebook:<page>/posts";"";"जनता का सेवक, जनता के साथ, जनता के बीच..."
"31926";"31859";"1";"121439954563203_2772963229410849";"data";"fetched (200)";"2019-03-03 12:00:37.213000";"Facebook:<page>/posts";"";"जब पीएम मोदी ने कहा आज का दिन महत्वपूर्ण है, तो लगने लगे मोदी-मोदी के नारे..."
"31927";"31859";"1";"121439954563203_325058028356891";"data";"fetched (200)";"2019-03-03 12:00:37.213000";"Facebook:<page>/posts";"";"LIVE : Shri Amit Shah at Chaupal Pe Charcha program in Ghazipur, Uttar Pradesh."
"31928";"31859";"1";"121439954563203_2772872336086605";"data";"fetched (200)";"2019-03-03 12:00:37.213000";"Facebook:<page>/posts";"";"Look at the affection and love for PM Modi in the Delhi metro today."
"31929";"31859";"1";"121439954563203_250389595846185";"data";"fetched (200)";"2019-03-03 12:00:37.213000";"Facebook:<page>/posts";"";"LIVE : PM Shri Narendra Modi unveils world's largest Bhagwad Gita."
"31930";"31859";"1";"121439954563203_2772737342766771";"data";"fetched (200)";"2019-03-03 12:00:37.213000";"Facebook:<page>/posts";"";"हमारी सरकार द्वारा गरीब, किसान, जवान और नौजवान को सम्मान देने का प्रयास अगर संभव हो पा रहा है, तो इसके पीछे मोदी नहीं, आपके एक वोट की ताकत है।  जिसने 2014 में केंद्र में मजबूत सरकार बनाई थी, जिसका दम आज पूरी दुनिया देख रही है : पीएम मोदी"
"31931";"31859";"1";"121439954563203_2772718192768686";"data";"fetched (200)";"2019-03-03 12:00:37.213000";"Facebook:<page>/posts";"";"पीएम किसान योजना के तहत 1 करोड़ से अधिक किसानों के पास 2 हजार रुपये की पहली किस्त पहुंच चुकी है।   लेकिन राजस्थान की कांग्रेस सरकार ने लाभार्थी किसानों की सूची अभी तक हमें नहीं भेजी है।  ये लोग भले ही देर करें, लेकिन हम राजस्थान के किसानों तक भी पैसे पहुंचाकर रहेंगे: पीएम मोदी"
"31932";"31859";"1";"121439954563203_2772720919435080";"data";"fetched (200)";"2019-03-03 12:00:37.213000";"Facebook:<page>/posts";"";"मैं देशवासियों को विश्वास दिलाता हूं कि देश सुरक्षित हाथों में है : पीएम मोदी"
"31933";"31859";"1";"121439954563203_2772629176110921";"data";"fetched (200)";"2019-03-03 12:00:37.213000";"Facebook:<page>/posts";"";"सौगंध मुझे इस मिट्टी की।  मैं देश नहीं मिटने दूंगा।।   मैं देश नहीं रुकने दूंगा।  मैं देश नहीं झुकने दूंगा।।   मेरा वचन है भारत मां को।  तेरा शीश झुकने नहीं दूंगा।।   सौगंध मुझे इस मिट्टी की।  मैं देश नहीं मिटने दूंगा।।"
"31934";"31859";"1";"121439954563203_369981760253127";"data";"fetched (200)";"2019-03-03 12:00:37.213000";"Facebook:<page>/posts";"";"LIVE: PM Narendra Modi addressing public meeting at Churu, Rajasthan."
"31935";"31859";"1";"121439954563203_2772502599456912";"data";"fetched (200)";"2019-03-03 12:00:37.213000";"Facebook:<page>/posts";"";"28 फरवरी को प्रधानमंत्री श्री नरेन्द्र मोदी जी करेंगे दुनिया की सबसे बड़ी वीडियो कांफ्रेंस।   देशभर की 15,000 जगहों से पार्टी कार्यकर्ताओं, वॉलंटियर्स और समर्थकों के साथ करेंगे सीधा संवाद।  आप भी अपने सुझाव और सवाल #MeraBoothSabseMazboot के साथ साझा कर सकते हैं।"
"31936";"31859";"1";"121439954563203_2771378239569348";"data";"fetched (200)";"2019-03-03 12:00:37.213000";"Facebook:<page>/posts";"";"Let's crack some job numbers for the naysayers.   16 crore plus collateral-free loans have been disbursed under Mudra yojana.  It’s no rocket science that these loans have created at least 16 crore employment opportunities. You may safely add 3-4 jobs per loan.  #HereAreTheJobs"
"31937";"31859";"1";"121439954563203";"offcut";"fetched (200)";"2019-03-03 12:00:37.213000";"Facebook:<page>/posts";"";""
"31938";"31859";"1";"121439954563203_2771385369568635";"data";"fetched (200)";"2019-03-03 12:00:37.649000";"Facebook:<page>/posts";"";"Let's crack some job numbers for the naysayers.   More than 3 lakh village-level entrepreneurs are running CSCs. Over 9 crore toilets have been built. The ongoing highway projects are expected to create 50 crore man days.   #HereAreTheJobs"
"31939";"31859";"1";"121439954563203_2771340819573090";"data";"fetched (200)";"2019-03-03 12:00:37.649000";"Facebook:<page>/posts";"";"Let's crack some job numbers for the naysayers.  Over 1.46 crore jobs have been created in last four years in the tourism sector alone which directly accounts for 5.8% of the total employment in India.  #HereAreTheJobs"
"31940";"31859";"1";"121439954563203_2771327769574395";"data";"fetched (200)";"2019-03-03 12:00:37.649000";"Facebook:<page>/posts";"";"Let's crack some job numbers for the naysayers.  In 2018 alone, 48 lakh new enterprises got registered, indicating the expansion of the MSME sector and increasing employment opportunities in this sector.  #HereAreTheJobs"
"31941";"31859";"1";"121439954563203_2771315002909005";"data";"fetched (200)";"2019-03-03 12:00:37.649000";"Facebook:<page>/posts";"";"Let's crack some job numbers for the naysayers.  Clocking one of the fastest rates of poverty reduction, around 44 Indians came out of poverty every minute in 2017. India isn't just beating poverty but also unemployment, one of the causes of poverty. Was it possible without creating jobs?  #HereAreTheJobs"
"31942";"31859";"1";"121439954563203_2771307589576413";"data";"fetched (200)";"2019-03-03 12:00:37.649000";"Facebook:<page>/posts";"";"पीएम श्री नरेन्द्र मोदी आज दोपहर 12:30 बजे चूरू, राजस्थान में 'विशाल विजय संकल्प सभा' को संबोधित करेंगे। लाइव देखें facebook.com/BJP4India और bjplive.org पर। लाइव सुननें के लिए 9345014501 डायल करें।"
"31943";"31859";"1";"121439954563203_2771293442911161";"data";"fetched (200)";"2019-03-03 12:00:37.649000";"Facebook:<page>/posts";"";"Let's crack some job numbers for the naysayers.  Over 15,000 start-ups have been set up under Modi govt. Around 73.50 lakh jobs have been created in the last 15 months in the formal sector alone, as per EPFO data. Imagine the number of informal jobs that would've been added!   #HereAreTheJobs"
"31944";"31859";"1";"121439954563203_2771279016245937";"data";"fetched (200)";"2019-03-03 12:00:37.649000";"Facebook:<page>/posts";"";"Let's crack some job numbers for the naysayers.  Since 2014,  over 1.50 crore houses constructed.  over 1.93 lakh kms of rural roads built.  over 4000 kms of railway lines electrified.   Did these activities happen without creating jobs?  #HereAreTheJobs"
"31945";"31859";"1";"121439954563203_2771247569582415";"data";"fetched (200)";"2019-03-03 12:00:37.649000";"Facebook:<page>/posts";"";"पीएम मोदी ने गिनाए रोजगार पर आंकड़ें, देश में हर क्षेत्र में रोजगार के अवसर पैदा हुए हैं। #News18RisingIndia"
"31946";"31859";"1";"121439954563203_2771061922934313";"data";"fetched (200)";"2019-03-03 12:00:37.649000";"Facebook:<page>/posts";"";"किसी को चारा घोटाला करना हो तो कैसे करेगा ?   क्योंकि अब तो सीधे मोबाइल पर मैसेज आता है,   कच्ची-पक्की पर्ची का तो सारा इंतजाम ही मोदी ने खत्म कर दिया है।   इसलिए ही तो मुझे पानी पी-पी कर गाली दी जाती है : पीएम मोदी #News18RisingIndia"
"31947";"31859";"1";"121439954563203_2771050412935464";"data";"fetched (200)";"2019-03-03 12:00:37.649000";"Facebook:<page>/posts";"";"जिस-जिस के मैंने लूट के रास्ते बंद किये, वो सब एक मंच पर इकठ्ठा होकर मुझे गालियां देते हैं।   इनके लिए मोदी को गाली देना प्राथमिकता है।  लेकिन मेरी प्राथमिकता करदाता की एक-एक पाई का सही इस्तेमाल करना है : पीएम मोदी #News18RisingIndia"
"31948";"31859";"1";"121439954563203_2771041649603007";"data";"fetched (200)";"2019-03-03 12:00:37.649000";"Facebook:<page>/posts";"";"पहले जो बढ़ना चाहिए था वो घट रहा था और जो घटना चाहिए था वो बढ़ रहा था।  महंगाई दर 10% का आंकड़ा भी पार कर गई थी। जो हमारी सरकार में गिरकर 2-4% के आसपास रह गई है।  हमारी सरकार ने 5 लाख तक की इनकम को भी टैक्स के दायरे से बाहर कर दिया है : पीएम मोदी #News18RisingIndia"
"31949";"31859";"1";"121439954563203_387869548444097";"data";"fetched (200)";"2019-03-03 12:00:37.649000";"Facebook:<page>/posts";"";"LIVE : PM Shri Narendra Modi’s keynote address at Rising India Summit. #News18RisingIndia"
"31950";"31859";"1";"121439954563203_2770839286289910";"data";"fetched (200)";"2019-03-03 12:00:37.649000";"Facebook:<page>/posts";"";"परिवारवाद को बढ़ावा देने वाली पार्टियां राजे-रजवाड़ों वाली प्रथा को लोकतंत्र का चोला पहनाकर आगे बढ़ा रही हैं।  लोकतंत्र की भावना को समाप्त करने का काम परिवारवाद को बढ़ावा देने वाली पार्टियों ने किया है : श्री अमित शाह"
"31951";"31859";"1";"121439954563203_2770832536290585";"data";"fetched (200)";"2019-03-03 12:00:37.649000";"Facebook:<page>/posts";"";"'झूठ' का जवाब 'कर्म' ही हो सकता है।  विपक्षी हमें गरीब विरोधी कहते रहे। हमने 50 करोड़ गरीबों के आत्मविश्वास को बढ़ाया और उन्हें देश के विकास के साथ जोड़ा है।  आजादी के बाद पहली बार किसी प्रधानमंत्री ने सफाईकर्मियों के पैर धोकर देश को नया संदेश दिया है : श्री अमित शाह"
"31952";"31859";"1";"121439954563203_2770814536292385";"data";"fetched (200)";"2019-03-03 12:00:37.649000";"Facebook:<page>/posts";"";"पिछले पांच साल में नरेन्द्र मोदी जी ने देश की जनता के अंदर आत्मविश्वास का भाव जागृत किया है।  लोकतंत्र में आलोचना, विरोध और टीका-टिप्पणी भी जरूरी है, लेकिन आलोचना, विरोध और टीका-टिप्पणी सिर्फ देश के भले के लिए होनी चाहिए : श्री अमित शाह"
"31953";"31859";"1";"121439954563203_2770784529628719";"data";"fetched (200)";"2019-03-03 12:00:37.649000";"Facebook:<page>/posts";"";"बोफोर्स से लेकर हेलीकॉप्टर तक सारी जांच का एक ही परिवार तक पहुंचना बहुत कुछ कहता है।  यही लोग राफेल विमान को भारत में आने से रोक रहे हैं।  पर जब देश का पहला राफेल भारत के आसमान में उड़ान भरेगा, तो खुद ही इनका सारी साजिशों को ध्वस्त कर देगा : पीएम मोदी #NationalWarMemorial"
"31954";"31859";"1";"121439954563203_2770779986295840";"data";"fetched (200)";"2019-03-03 12:00:37.649000";"Facebook:<page>/posts";"";"आखिर किन वजहों से किसी का ध्यान अभी तक शहीदों के लिए स्मारक पर नहीं गया?  इंडिया फर्स्ट और फैमिली फर्स्ट का अंतर ही इसका जवाब है।  मोदी महत्वपूर्ण नहीं है, बल्कि इस देश की सभ्यता, संस्कृति और इतिहास सबसे ऊपर है : पीएम श्री नरेन्द्र मोदी #NationalWarMemorial"
"31955";"31859";"1";"121439954563203_2770725336301305";"data";"fetched (200)";"2019-03-03 12:00:37.649000";"Facebook:<page>/posts";"";"सिर्फ कहा नहीं, करके दिखाया  #NationalWarMemorial"
"31956";"31859";"1";"121439954563203_400959410658547";"data";"fetched (200)";"2019-03-03 12:00:37.649000";"Facebook:<page>/posts";"";"LIVE : PM Shri Narendra Modi dedicates 'National War Memorial' to the nation in New Delhi. #NationalWarMemorial"
"31957";"31859";"1";"121439954563203_2770468446326994";"data";"fetched (200)";"2019-03-03 12:00:37.649000";"Facebook:<page>/posts";"";"स्वस्थ लोकतांत्रिक परम्परा का सम्मान करते हुए अगली 'मन की बात' मई महीने के आखिरी रविवार को होगी।  मैं चुनाव के बाद एक नए विश्वास और आपके आशीर्वाद के साथ फिर एक बार 'मन की बात' के माध्यम से हमारी बातचीत के सिलसिले को आरम्भ करूंगा : पीएम मोदी #MannKiBaat"
"31958";"31859";"1";"121439954563203_563770467435842";"data";"fetched (200)";"2019-03-03 12:00:37.649000";"Facebook:<page>/posts";"";"LIVE : PM Shri Narendra Modi inaugurates #NationalWarMemorial in New Delhi."
"31959";"31859";"1";"121439954563203_2770412222999283";"data";"fetched (200)";"2019-03-03 12:00:37.649000";"Facebook:<page>/posts";"";"देश के गरीबों के जीवन में आए बदलाव, ख़ुशी और विकास के संकल्प को साझा करते हुए भाजपा राष्ट्रीय अध्यक्ष श्री अमित शाह 26 फरवरी को उत्तर प्रदेश के गाजीपुर में ‘कमल ज्योति संकल्प’ अभियान का शुभारंभ करेंगे।  आप भी #BJPKamalJyoti हैशटैग के साथ अपनी तस्वीरें साझा करें।"
"31960";"31859";"1";"121439954563203_2770212486352590";"data";"fetched (200)";"2019-03-03 12:00:37.649000";"Facebook:<page>/posts";"";"जो काम करके दिखाता है उसी से तो होती है उम्मीद...    भाजपा संकल्प पत्र के लिए बताएं मोदी जी को अपने मन की बात ➞ डायल करें 6357171717 ➞ अपने सुझाव ऑनलाइन भेजें bjp.org/bkmkb2019  ➞ नमो ऐप पर अपने सुझाव भेजें nm4.in/dnldapp  #BharatKeMannKiBaat"
"31961";"31859";"1";"121439954563203_2770177229689449";"data";"fetched (200)";"2019-03-03 12:00:37.649000";"Facebook:<page>/posts";"";"भाजपा सरकार की योजनाओं से देश के 22 करोड़ लोगों के जीवन में आये सकारात्मक परिवर्तन की ख़ुशी एवं विकास के संकल्प को साझा करने के लिए 26 फरवरी को कमल ज्योति संकल्प अभियान के रूप में मनाया जायेगा।   आप भी #BJPKamalJyoti हैशटैग के साथ सोशल मीडिया पर अपनी तस्वीरें साझा करें।"
"31962";"31859";"1";"121439954563203_2770123943028111";"data";"fetched (200)";"2019-03-03 12:00:37.649000";"Facebook:<page>/posts";"";"India’s soldiers are India’s pride. The National War Memorial is a fitting tribute to India’s bravehearts.   It took 70 years and PM Modi to make the National War Memorial a reality!   Here are the glimpses of the historic monument."
"31963";"31859";"1";"121439954563203";"offcut";"fetched (200)";"2019-03-03 12:00:37.649000";"Facebook:<page>/posts";"";""
"31964";"31859";"1";"121439954563203_2770008379706334";"data";"fetched (200)";"2019-03-03 12:00:38.050000";"Facebook:<page>/posts";"";"In the honour of unparalleled valour and gallantry of our soldiers, PM Shri Narendra Modi will dedicate 'National War Memorial' to the nation today. Watch at facebook.com/BJP4India and bjplive.org."
"31965";"31859";"1";"121439954563203_678043639265029";"data";"fetched (200)";"2019-03-03 12:00:38.050000";"Facebook:<page>/posts";"";"देखिए भाजपा राष्ट्रीय अध्यक्ष श्री अमित शाह जी को ABP News के कार्यक्रम 'शिखर सम्मेलन' में। #ShahOnABPNews"
"31966";"31859";"1";"121439954563203_2769737746400064";"data";"fetched (200)";"2019-03-03 12:00:38.050000";"Facebook:<page>/posts";"";"भाजपा राष्ट्रीय अध्यक्ष श्री अमित शाह आज हिसार, हरियाणा में दोपहर 1 बजे शक्ति केंद्र प्रमुख सम्मेलन को सम्बोधित करेंगे।   लाइव देखें facebook.com/BJP4India और bjplive.org पर।"
"31967";"31859";"1";"121439954563203_2768361383204367";"data";"fetched (200)";"2019-03-03 12:00:38.050000";"Facebook:<page>/posts";"";"देश के मध्यम वर्ग को मोदी सरकार की एक और बड़ी सौगात।   अब...  निर्माणाधीन फ्लैट्स पर 12 % से घटाकर 5% जीएसटी  अफोर्डेबल हाऊसिंग पर 8% से घटाकर 1% जीएसटी"
"31968";"31859";"1";"121439954563203_2769731863067319";"data";"fetched (200)";"2019-03-03 12:00:38.050000";"Facebook:<page>/posts";"";"देखिए भाजपा राष्ट्रीय अध्यक्ष श्री अमित शाह जी को ABP News के कार्यक्रम ’शिखर सम्मेलन’ में आज सुबह 10 बजे। #ShahOnABPNews"
"31969";"31859";"1";"121439954563203_2768320633208442";"data";"fetched (200)";"2019-03-03 12:00:38.050000";"Facebook:<page>/posts";"";"जय गंगा मैया, जय यमुना मैया, जय सरस्वती मैया... #ModiInKumbh"
"31970";"31859";"1";"121439954563203_2768313956542443";"data";"fetched (200)";"2019-03-03 12:00:38.050000";"Facebook:<page>/posts";"";"उनकी सेवा, जिनकी वजह से आज दुनिया भर में कुम्भ की स्वच्छता की चर्चा है। #ModiInKumbh"
"31971";"31859";"1";"121439954563203_2768026863237819";"data";"fetched (200)";"2019-03-03 12:00:38.050000";"Facebook:<page>/posts";"";"जिन्होंने दिव्य कुम्भ को स्वच्छ बनाया उन स्वच्छाग्रहियों के पैर धोकर प्रधानसेवक ने वंदन किया।"
"31972";"31859";"1";"121439954563203_958861627837614";"data";"fetched (200)";"2019-03-03 12:00:38.050000";"Facebook:<page>/posts";"";"LIVE : PM Shri Narendra Modi attends 'Swachh Kumbh Swachh Aabhaar' in Prayagraj, Uttar Pradesh"
"31973";"31859";"1";"121439954563203_2767959009911271";"data";"fetched (200)";"2019-03-03 12:00:38.050000";"Facebook:<page>/posts";"";"प्रधानमंत्री श्री नरेन्द्र मोदी ने पवित्र संगम में स्नान किया। #Kumbh2019"
"31974";"31859";"1";"121439954563203_260837174802249";"data";"fetched (200)";"2019-03-03 12:00:38.050000";"Facebook:<page>/posts";"";"LIVE : Shri Amit Shah addresses Karyakarta Sammelan at Fatehgarh Churian Chowk, Amritsar."
"31975";"31859";"1";"121439954563203_2088276691287931";"data";"fetched (200)";"2019-03-03 12:00:38.050000";"Facebook:<page>/posts";"";"LIVE : PM Shri Narendra Modi attends Swachh Kumbh Swachh Seva at Prayagraj."
"31976";"31859";"1";"121439954563203_2767797326594106";"data";"fetched (200)";"2019-03-03 12:00:38.050000";"Facebook:<page>/posts";"";"चुनाव लोकतंत्र का सबसे बड़ा उत्सव है। अगले दो महीने, हम सभी चुनाव की गहमा-गहमी में व्यस्त होगें।   मैं स्वयं भी इस चुनाव में एक प्रत्याशी रहूंगा।  स्वस्थ लोकतांत्रिक परंपरा का सम्मान करते हुए अगली #MannKiBaat मई महीने के आखरी रविवार को होगी: पीएम नरेन्द्र मोदी"
"31977";"31859";"1";"121439954563203_853994844992525";"data";"fetched (200)";"2019-03-03 12:00:38.050000";"Facebook:<page>/posts";"";"LIVE : Shri Amit Shah addresses Vijay Sankalp Sammelan at JDA Ground, Bhagwati Nagar, Jammu"
"31978";"31859";"1";"121439954563203_590479581470288";"data";"fetched (200)";"2019-03-03 12:00:38.050000";"Facebook:<page>/posts";"";"LIVE : PM Shri Narendra Modi launches PM-KISAN scheme and other initiatives in Gorakhpur, Uttar Pradesh. #PMKisan"
"31979";"31859";"1";"121439954563203_295207791172608";"data";"fetched (200)";"2019-03-03 12:00:38.050000";"Facebook:<page>/posts";"";"LIVE : PM Shri Narendra Modi's Mann Ki Baat with the Nation, February 2019"
"31980";"31859";"1";"121439954563203_2767368763303629";"data";"fetched (200)";"2019-03-03 12:00:38.050000";"Facebook:<page>/posts";"";"28 फरवरी 2019 को जुड़ें प्रधानमंत्री श्री नरेन्द्र मोदी जी से #MeraBoothSabseMazboot कार्यक्रम द्वारा।  आप अपने सुझाव और सवाल 'नमो ऐप' पर भेज सकते है या #MeraBoothSabseMazboot के साथ भी साझा कर सकते हैं। http://nm-4.com/gqg8"
"31981";"31859";"1";"121439954563203_2765995976774241";"data";"fetched (200)";"2019-03-03 12:00:38.050000";"Facebook:<page>/posts";"";"The competitions that define the governments and their intentions. Which one would you prefer?"
"31982";"31859";"1";"121439954563203_2767176549989517";"data";"fetched (200)";"2019-03-03 12:00:38.050000";"Facebook:<page>/posts";"";"Tune in to hear PM Shri Narendra Modi's #MannKiBaat at 11 am today. You may also listen it in the 'Narendra Modi Mobile App' - nm4.in/dnldapp"
"31983";"31859";"1";"121439954563203_2767172863323219";"data";"fetched (200)";"2019-03-03 12:00:38.050000";"Facebook:<page>/posts";"";"भाजपा राष्ट्रीय अध्यक्ष श्री  अमित शाह जी के आज दोपहर 3 बजे अमृतसर में कार्यकर्ता सम्मेलन को संबोधित करेंगें।  लाइव देखें facebook.com/BJP4India पर।"
"31984";"31859";"1";"121439954563203_2767172169989955";"data";"fetched (200)";"2019-03-03 12:00:38.050000";"Facebook:<page>/posts";"";"भाजपा राष्ट्रीय अध्यक्ष श्री अमित शाह जी के आज जम्मू कश्मीर में सार्वजनिक कार्यक्रम।   लाइव देखें facebook.com/BJP4India पर।"
"31985";"31859";"1";"121439954563203_2763076630399509";"data";"fetched (200)";"2019-03-03 12:00:38.050000";"Facebook:<page>/posts";"";"The DMK and Congress party who indulged in Rs 12 lakh crore of scam can't work for the welfare and development of Tamil Nadu. Both the parties are synonymous with corruption, but BJP and NDA stand for development: Shri Amit Shah in Tamil Nadu"
"31986";"31859";"1";"121439954563203_2763105753729930";"data";"fetched (200)";"2019-03-03 12:00:38.050000";"Facebook:<page>/posts";"";"BJP is not going to fight election on just 5 Lok Sabha seats, we are going to fight elections on 40 seats in alliance with AIADMK and PMK. Every candidate of our alliance is fighting election to elect Modi ji as the next PM : Shri Amit Shah in Tamil Nadu."
"31987";"31859";"1";"121439954563203_2763112637062575";"data";"fetched (200)";"2019-03-03 12:00:38.050000";"Facebook:<page>/posts";"";"I dare Stalin and Rahul Gandhi to give an account of the development of Tamil Nadu to its people. Don't expect an answer from them since they keep account of corruption and not of development : Shri Amit Shah, Tamil Nadu"
"31988";"31859";"1";"121439954563203_2765990946774744";"data";"fetched (200)";"2019-03-03 12:00:38.050000";"Facebook:<page>/posts";"";"आज प्रत्येक हिंदुस्तानी देश की सेना के साथ है, देश की भावनाओं के साथ है।  लेकिन मुझे उन मुट्ठी भर लोगों पर अफसोस होता है, जो भारत में रहते हुए पाकिस्तान की भाषा बोल रहे हैं।   ये वही लोग है जो पाकिस्तान जाकर कहते हैं कि कुछ भी करो मगर मोदी को हटाओ: प्रधानमंत्री श्री नरेन्द्र मोदी"
"31989";"31859";"1";"121439954563203";"offcut";"fetched (200)";"2019-03-03 12:00:38.050000";"Facebook:<page>/posts";"";""
"31990";"31859";"1";"121439954563203_2765009313539574";"data";"fetched (200)";"2019-03-03 12:00:38.410000";"Facebook:<page>/posts";"";"जन-जन से मिल रहा अपार प्यार। 'मेरा परिवार, भाजपा परिवार'  आप भी इस अभियान से जुड़ने के लिए अपने घरों में भाजपा का झंडा व स्टिकर लगाएं और #MeraParivarBhajapaParivar हैशटैग के साथ अपनी फोटो सोशल मीडिया में हमारे साथ साझा करें।"
"31991";"31859";"1";"121439954563203_2765691590138013";"data";"fetched (200)";"2019-03-03 12:00:38.410000";"Facebook:<page>/posts";"";"मोदी है तो मुमकिन है..."
"31992";"31859";"1";"121439954563203_2765649753475530";"data";"fetched (200)";"2019-03-03 12:00:38.410000";"Facebook:<page>/posts";"";"आतंक की फैक्ट्री पर ताला लगाने का काम अगर मेरे ही हिस्से लिखा है तो ऐसा ही सही।  सीमा पर डटे सैनिकों, मोदी सरकार और मां भवानी के आशीर्वाद पर भरोसा रखिए।  इस बार सबका हिसाब होगा और हिसाब पूरा होगा : पीएम मोदी"
"31993";"31859";"1";"121439954563203_2172428343068196";"data";"fetched (200)";"2019-03-03 12:00:38.410000";"Facebook:<page>/posts";"";"LIVE:  Shri Amit Shah inaugurates BJP Kisan Morcha National Convention in Gorakhpur, Uttar Pradesh. #BJPForSamridhKisan"
"31994";"31859";"1";"121439954563203_2765510703489435";"data";"fetched (200)";"2019-03-03 12:00:38.410000";"Facebook:<page>/posts";"";"कश्मीर के पंच-सरपंचों ने मुझसे किया वादा निभाया है।  मैंने उनसे कहा था कि जब आतंकवादी स्कूल जलाता है तब वह इमारत नहीं जलाता है, आपके बच्चों का भविष्य जलाता है।  आज मैं गर्व के साथ कहता हूं कि कश्मीर घाटी के मेरे पंच-सरपंचों ने एक भी स्कूल जलने नहीं दिया है : पीएम मोदी #VijaySankalpWithModi"
"31995";"31859";"1";"121439954563203_2765451096828729";"data";"fetched (200)";"2019-03-03 12:00:38.410000";"Facebook:<page>/posts";"";"हमारी लड़ाई आतंकवाद और मानवता के दुश्मनों के खिलाफ है।   हमारी लड़ाई कश्मीर के लिए है, कश्मीरियों के खिलाफ नहीं है : पीएम मोदी #VijaySankalpWithModi"
"31996";"31859";"1";"121439954563203_528633980877137";"data";"fetched (200)";"2019-03-03 12:00:38.410000";"Facebook:<page>/posts";"";"LIVE: PM Shri Narendra Modi is addressing a public meeting in Tonk, Rajasthan. #VijaySankalpWithModi"
"31997";"31859";"1";"121439954563203_2765261673514338";"data";"fetched (200)";"2019-03-03 12:00:38.410000";"Facebook:<page>/posts";"";"India’s ranking in the World Travel & Tourism Competitiveness index improved from 65 in 2013 to 40 in 2017.   The number of Foreign Tourist Arrivals to India increased by 45%, the number of approved hotels went up by 50% & foreign exchange earnings in tourism went up by 50%: PM"
"31998";"31859";"1";"121439954563203_402474457230823";"data";"fetched (200)";"2019-03-03 12:00:38.410000";"Facebook:<page>/posts";"";"लाइव : भाजपा राष्ट्रीय अध्यक्ष श्री अमित शाह उत्तर प्रदेश के लखनऊ में 'सहकारिता सम्मेलन' को संबोधित कर रहे हैं।"
"31999";"31859";"1";"121439954563203_2765120043528501";"data";"fetched (200)";"2019-03-03 12:00:38.410000";"Facebook:<page>/posts";"";"ABC - Avoiding, Burying, Confusing.  Instead of 'Avoiding issues', we deal with the issues.  Instead of 'Burying it', we dig it out and communicate to the people.  Instead of 'Confusing the system', we demonstrated that the solution is possible : PM Modi"
"32000";"31859";"1";"121439954563203_2765118900195282";"data";"fetched (200)";"2019-03-03 12:00:38.410000";"Facebook:<page>/posts";"";"Before 2014, there was a competition between ministries and individuals on corruption and on delays.  Today, there is a competition as to whether India will get 100% sanitation first or 100% electrification first.  Choose the kind of competition you'd prefer : PM Modi"
"32001";"31859";"1";"121439954563203_2299606720069846";"data";"fetched (200)";"2019-03-03 12:00:38.410000";"Facebook:<page>/posts";"";"LIVE: Prime Minister Shri Narendra Modi interacting with Pravasi Bharatiya representatives from 190 countries."
"32002";"31859";"1";"121439954563203_242779359943658";"data";"fetched (200)";"2019-03-03 12:00:38.410000";"Facebook:<page>/posts";"";"LIVE: PM Narendra Modi addresses ET-Global Business Summit."
"32003";"31859";"1";"121439954563203_2764893863551119";"data";"fetched (200)";"2019-03-03 12:00:38.410000";"Facebook:<page>/posts";"";"प्रधानमंत्री श्री नरेन्द्र मोदी आज दोपहर 1:30 बजे टोंक, राजस्थान में विशाल जनसभा को सम्बोधित करेंगे।   प्रधानमंत्री श्री नरेन्द्र मोदी जी का भाषण लाइव सुनने के लिए डायल करें 93 4501 4501"
"32004";"31859";"1";"121439954563203_2764742163566289";"data";"fetched (200)";"2019-03-03 12:00:38.410000";"Facebook:<page>/posts";"";"भाजपा राष्ट्रीय अध्यक्ष श्री अमित शाह जी आज उत्तर प्रदेश में 'सहकारिता सम्मेलन' और 'भाजपा किसान मोर्चा के राष्ट्रीय अधिवेशन' को संबोधित करेंगे।"
"32005";"31859";"1";"121439954563203_2763623350344837";"data";"fetched (200)";"2019-03-03 12:00:38.410000";"Facebook:<page>/posts";"";"BJP crosses 1 Million milestone on Youtube. Thanks all for your support. Stay updated by subscribing BJP’s Official Youtube Channel. http://bit.ly/2ofH4S4"
"32006";"31859";"1";"121439954563203_2763621630345009";"data";"fetched (200)";"2019-03-03 12:00:38.410000";"Facebook:<page>/posts";"";"Prime Minister Shri Narendra Modi will address the Global Business Summit at 10 am tomorrow. Watch LIVE on all Bharatiya Janata Party (BJP)'s social media channels."
"32007";"31859";"1";"121439954563203_2763533293687176";"data";"fetched (200)";"2019-03-03 12:00:38.410000";"Facebook:<page>/posts";"";"प्रधानमंत्री श्री नरेन्द्र मोदी 28 फरवरी 2019 को देश भर के लगभग 15,000 स्थानों से पार्टी के सभी कार्यकर्ताओं, वॉलंटियर्स और समर्थकों के साथ सीधा संवाद करेंगें।   आप अपने सुझाव और सवाल 'नमो ऐप' पर भेज सकते है या #MeraBoothSabseMazboot के साथ भी साझा कर सकते हैं। http://nm-4.com/gqg8"
"32008";"31859";"1";"121439954563203_2763131250394047";"data";"fetched (200)";"2019-03-03 12:00:38.410000";"Facebook:<page>/posts";"";"This is for the first time since our alliance with AIADMK and PMK that I'm visiting Tamil Nadu. And I am confident that our alliance will help NDA win more than 35 seats in the state in the upcoming elections: Shri Amit Shah, Tamil Nadu"
"32009";"31859";"1";"121439954563203_247964149421242";"data";"fetched (200)";"2019-03-03 12:00:38.410000";"Facebook:<page>/posts";"";"LIVE : Shri Amit Shah addresses Shakti Kendra Pramukh Sammelan in Palakkad, Kerala."
"32010";"31859";"1";"121439954563203_2762625363777969";"data";"fetched (200)";"2019-03-03 12:00:38.410000";"Facebook:<page>/posts";"";"The world community stands shoulder-to-shoulder with India in its fight against the terrorists and its sponsors. 48 countries, including the United Nations Security Council, denounced the cowardly attack in Pulwama."
"32011";"31859";"1";"121439954563203_400566090757697";"data";"fetched (200)";"2019-03-03 12:00:38.410000";"Facebook:<page>/posts";"";"LIVE : Media Briefing by Dr. Sambit Patra at BJP Head Office, New Delhi"
"32012";"31859";"1";"121439954563203_2762808027093036";"data";"fetched (200)";"2019-03-03 12:00:38.410000";"Facebook:<page>/posts";"";"प्रधानमंत्री श्री नरेन्द्र मोदी ने दक्षिण कोरिया में भी दोहराई मां गंगा के प्रति अपनी प्रतिबद्धता, सियोल शांति पुरस्कार में मिली 1.30 करोड़ रुपये की धनराशि गंगा की सफाई के लिए की समर्पित। #SeoulPeacePrize"
"32013";"31859";"1";"121439954563203_2261462210762608";"data";"fetched (200)";"2019-03-03 12:00:38.410000";"Facebook:<page>/posts";"";"LIVE : Shri Amit Shah addressing Shakti Kendra Pramukh Sammelan in Ramanathapuram, Tamil Nadu."
"32014";"31859";"1";"121439954563203_2762552390451933";"data";"fetched (200)";"2019-03-03 12:00:38.410000";"Facebook:<page>/posts";"";"India will stop its share of water which flows to Pakistan."
"32015";"31859";"1";"121439954563203";"offcut";"fetched (200)";"2019-03-03 12:00:38.410000";"Facebook:<page>/posts";"";""
"32016";"31859";"1";"121439954563203_328931607728165";"data";"fetched (200)";"2019-03-03 12:00:38.766000";"Facebook:<page>/posts";"";"LIVE: PM Modi receives the 'Seoul Peace Prize' in Republic of South Korea."
"32017";"31859";"1";"121439954563203_2760332074007298";"data";"fetched (200)";"2019-03-03 12:00:38.766000";"Facebook:<page>/posts";"";"Mood of the nation is #ModiOnceMore.   More than 83% respondents of a mega online survey feel that Modi government will be re-elected in 2019.  Read original story at http://bit.ly/ModiOnceMore"
"32018";"31859";"1";"121439954563203_2762166260490546";"data";"fetched (200)";"2019-03-03 12:00:38.766000";"Facebook:<page>/posts";"";"‘Mera Booth, Sabse Mazboot’ – Get ready for a unique interaction with PM Narendra Modi on 28th February. The Prime Minister will be interacting with volunteers, supporters and party karyakartas from across the country.  Post your questions regarding ‘Mera Booth, Sabse Mazboot’ in the comments section. http://nm-4.com/gqg8"
"32019";"31859";"1";"121439954563203_2762164937157345";"data";"fetched (200)";"2019-03-03 12:00:38.766000";"Facebook:<page>/posts";"";"Schedule of BJP National President Shri Amit Shah’s public programs in Kerala today."
"32020";"31859";"1";"121439954563203_2762164350490737";"data";"fetched (200)";"2019-03-03 12:00:38.766000";"Facebook:<page>/posts";"";"Shri Amit Shah will address Shakti Kendra Pramukh Sammelan at 12.30 pm at Ramanathapuram, Tamil Nadu today. Watch LIVE at http://facebook.com/BJP4India  and http://bjplive.org"
"32021";"31859";"1";"121439954563203_2761159280591244";"data";"fetched (200)";"2019-03-03 12:00:38.766000";"Facebook:<page>/posts";"";"Congress has politicized the Pulwama terror attack and targeting a PM who works for 18 hours in a day.   Congress should not teach us about patriotism. Kashmir would never have turned in to a controversial issue had Sardar Patel been the PM of the country: Shri Amit Shah"
"32022";"31859";"1";"121439954563203_2760339264006579";"data";"fetched (200)";"2019-03-03 12:00:38.766000";"Facebook:<page>/posts";"";"More than 65% respondents of a mega online survey believe that minorities feels secure under the Modi government.   Read original story at http://bit.ly/ModiOnceMore"
"32023";"31859";"1";"121439954563203_2760340377339801";"data";"fetched (200)";"2019-03-03 12:00:38.766000";"Facebook:<page>/posts";"";"More access to facilities for poor has been the biggest achievement of the Modi government followed by the implementation of GST, Swachh Bharat and Surgical Strikes.   Read original story at bit.ly/ModiOnceMore"
"32024";"31859";"1";"121439954563203_363305074222549";"data";"fetched (200)";"2019-03-03 12:00:38.766000";"Facebook:<page>/posts";"";"LIVE : PM Shri Narendra Modi addresses Indian community in South Korea"
"32025";"31859";"1";"121439954563203_2760337640673408";"data";"fetched (200)";"2019-03-03 12:00:38.766000";"Facebook:<page>/posts";"";"Almost 80% respondents of a mega online survey termed the Modi government’s performance as “Very Good” or “Good”.  Read original story at bit.ly/ModiOnceMore"
"32026";"31859";"1";"121439954563203_351445678792665";"data";"fetched (200)";"2019-03-03 12:00:38.766000";"Facebook:<page>/posts";"";"LIVE : Shri Amit Shah addresses Shakti Kendra Pramukh Sammelan in Devanahalli, Karnataka."
"32027";"31859";"1";"121439954563203_254398388827549";"data";"fetched (200)";"2019-03-03 12:00:38.766000";"Facebook:<page>/posts";"";"LIVE : Press Conference by Shri Ravi Shankar Prasad at BJP Head Office, New Delhi."
"32028";"31859";"1";"121439954563203_2760329624007543";"data";"fetched (200)";"2019-03-03 12:00:38.766000";"Facebook:<page>/posts";"";"Mood of the nation is #ModiOnceMore.   83.89% respondents of a mega online survey chose Shri Narendra Modi as their first choice for Prime Minister of India.  Read original story at bit.ly/ModiOnceMore"
"32029";"31859";"1";"121439954563203_2760224917351347";"data";"fetched (200)";"2019-03-03 12:00:38.766000";"Facebook:<page>/posts";"";"The Indian community welcomes Prime Minister Shri Narendra Modi in Seoul."
"32030";"31859";"1";"121439954563203_1480538372079175";"data";"fetched (200)";"2019-03-03 12:00:38.766000";"Facebook:<page>/posts";"";"LIVE : Shri Amit Shah addresses Shakti Kendra Pramukh Sammelan in Rajahmundry, Andhra Pradesh. #LabharthiSamparkAbhiyan"
"32031";"31859";"1";"121439954563203_423159361758645";"data";"fetched (200)";"2019-03-03 12:00:38.766000";"Facebook:<page>/posts";"";"LIVE : Shri Amit Shah launches of Labharthi Sampark Abhiyan in Rajahmundry, Andhra Pradesh."
"32032";"31859";"1";"121439954563203_2303768296536477";"data";"fetched (200)";"2019-03-03 12:00:38.766000";"Facebook:<page>/posts";"";"LIVE : PM Shri Narendra Modi addresses India- Republic of Korea Business Symposium."
"32033";"31859";"1";"121439954563203_2758113280895844";"data";"fetched (200)";"2019-03-03 12:00:38.766000";"Facebook:<page>/posts";"";"पहली बार गरीब से गरीब को सस्ता बीमा और श्रमिकों को भी मिला पेंशन का लाभ... नामुमकिन अब मुमकिन है!"
"32034";"31859";"1";"121439954563203_2759730860734086";"data";"fetched (200)";"2019-03-03 12:00:38.766000";"Facebook:<page>/posts";"";"Schedule of BJP National President Shri Amit Shah's organisational and public programs in Karnataka today. Stay tuned with us for live updates."
"32035";"31859";"1";"121439954563203_2759728837400955";"data";"fetched (200)";"2019-03-03 12:00:38.766000";"Facebook:<page>/posts";"";"Schedule of BJP National President Shri Amit Shah's public programs in Andhra Pradesh on 21 February 2019. Watch LIVE on all BJP's social media channels."
"32036";"31859";"1";"121439954563203_2758109420896230";"data";"fetched (200)";"2019-03-03 12:00:38.766000";"Facebook:<page>/posts";"";"आर्थिक आधार पर भी मिला आरक्षण... नामुमकिन अब मुमकिन है!"
"32037";"31859";"1";"121439954563203_2758100880897084";"data";"fetched (200)";"2019-03-03 12:00:38.766000";"Facebook:<page>/posts";"";"Pursuing its unwavering commitment to protect the rights of Muslim women, Modi government has approved proposal for promulgation of the Muslim Women (Protection of Rights on Marriage), Second Ordinance, 2019 to stop the practice of ‘talaq-e-biddat’. #TripleTalaq"
"32038";"31859";"1";"121439954563203_2758095600897612";"data";"fetched (200)";"2019-03-03 12:00:38.766000";"Facebook:<page>/posts";"";"दवा, इलाज, ऑपरेशन, अब सब सस्ते में निपट जाते हैं... नामुमकिन अब मुमकिन है!"
"32039";"31859";"1";"121439954563203_2757976820909490";"data";"fetched (200)";"2019-03-03 12:00:38.766000";"Facebook:<page>/posts";"";"“Terrorist attack on Pulwama is yet another barbaric manifestation of the scourge of terrorism that is threatening the entire humanity.  In order to combat this menace of terrorism effectively, there is a need to put all possible pressure on countries that aid and abet terror in any form, destroy terror infrastructure, choke their support ecosystem & punish terrorists with their supporters.”: PM Narendra Modi in a Joint Statement with Crown Prince of Saudi Arabia Mohammed Bin Salman."
"32040";"31859";"1";"121439954563203_2757954034245102";"data";"fetched (200)";"2019-03-03 12:00:38.766000";"Facebook:<page>/posts";"";"Modi govt’s gift to the central government employees & pensioners : Dearness Allowance (DA) to central govt employees and Dearness Relief (DR) to pensioners have been increased from 9% to 12% that will benefit 48.41 lakh employees and 62.03 lakh pensioners."
"32041";"31859";"1";"121439954563203";"offcut";"fetched (200)";"2019-03-03 12:00:38.766000";"Facebook:<page>/posts";"";""
"32042";"31859";"1";"121439954563203_2060128237612682";"data";"fetched (200)";"2019-03-03 12:00:39.156000";"Facebook:<page>/posts";"";"LIVE : PM Shri Narendra Modi & Crown Prince of Saudi Arabia Mohammed Bin Salman at a Joint Press Meet"
"32043";"31859";"1";"121439954563203_2752851314755374";"data";"fetched (200)";"2019-03-03 12:00:39.156000";"Facebook:<page>/posts";"";"उज्ज्वला योजना से 1 जनवरी 2019 तक 5.85 करोड़ BPL महिलाओं को मुफ़्त LPG कनेक्शन देकर उनकी ज़िंदगी से तकलीफ़ों का धुँआ दूर करती मोदी सरकार।"
"32044";"31859";"1";"121439954563203_2757611734279332";"data";"fetched (200)";"2019-03-03 12:00:39.156000";"Facebook:<page>/posts";"";"जिसने दिया करोड़ों लोगों के सपनों को आकार, उम्मीद उसी से हो  काम करें जो, उम्मीद उसी से हो...   भाजपा संकल्प पत्र के लिए बताएं मोदी जी को अपने मन की बात ➞ डायल करें 6357171717 ➞ अपने सुझाव ऑनलाइन भेजें http://bjp.org/bkmkb2019    ➞ नमो ऐप पर अपने सुझाव भेजें http://nm4.in/dnldapp  #BharatKeMannKiBaat"
"32045";"31859";"1";"121439954563203_2756056331101539";"data";"fetched (200)";"2019-03-03 12:00:39.156000";"Facebook:<page>/posts";"";"Latest development tracker by good governance, especially for the poor, deprived, farmers and women till February 18, 2019. #TransformingIndia"
"32046";"31859";"1";"121439954563203_2718287831545056";"data";"fetched (200)";"2019-03-03 12:00:39.156000";"Facebook:<page>/posts";"";"जिसने सबका साथ देकर सबका विकास किया, उम्मीद उसी से हो!  काम करे जो, उम्मीद उसी से हो।    भाजपा संकल्प पत्र के लिए बताएं मोदी जी को अपने मन की बात ➞ डायल करें 6357171717 ➞ अपने सुझाव ऑनलाइन भेजें http://bjp.org/bkmkb2019    ➞ नमो ऐप पर अपने सुझाव भेजें http://nm4.in/dnldapp  #BharatKeMannKiBaat"
"32047";"31859";"1";"121439954563203_2755714937802345";"data";"fetched (200)";"2019-03-03 12:00:39.156000";"Facebook:<page>/posts";"";"गरीबी हटाओ के नारे सुनते-सुनते गरीबों की पीढ़ियां गुजर गयीं, पर सुचमुच गरीबों के लिए किसी सरकार ने काम किया है, तो वो है मोदी सरकार। आयुष्मान भारत योजना इसका जीवंत उदाहरण है।  गरीबों के आशीर्वाद से 2019 में बनेगी, फिर एक बार मोदी सरकार।"
"32048";"31859";"1";"121439954563203_2756061097767729";"data";"fetched (200)";"2019-03-03 12:00:39.156000";"Facebook:<page>/posts";"";"हर गरीब परिवार को पक्के घर,   मुफ्त बिजली का कनेक्शन,   मुफ्त गैस कनेक्शन,   5 लाख रुपये तक का मुफ्त इलाज,   युवाओं को बिना गारंटी मुद्रा लोन,   गरीब किसानों के लिए 6,000 रुपये की वार्षिक मदद और ये तो अभी शुरुआत है: पीएम श्री नरेन्द्र मोदी #BadalRahiHaiKashi"
"32049";"31859";"1";"121439954563203_2755773457796493";"data";"fetched (200)";"2019-03-03 12:00:39.156000";"Facebook:<page>/posts";"";"न्यू इंडिया के सपने की ओर बढ़ता भारत : मोदी सरकार की विभिन्न जन कल्याणकारी योजनाओं के प्रदर्शन का ट्रैकर 18 फरवरी 2019 तक। #TransformingIndia"
"32050";"31859";"1";"121439954563203_2755669707806868";"data";"fetched (200)";"2019-03-03 12:00:39.156000";"Facebook:<page>/posts";"";"दिल्ली से काशी के बीच चल रही देश में बनी पहली सेमी-हाईस्पीड ट्रेन, वन्दे भारत एक्सप्रेस हमारे इंजीनियरों का कमाल है।   लेकिन ये बड़े दुःख की बात है कि कुछ लोग उनका मजाक उड़ा रहे है।  क्या वन्दे भारत ट्रेन बनाने वाले इंजीनियर और technician को अपमानित करना उचित है?: प्रधानमंत्री श्री नरेन्द्र मोदी #BadalRahiHaiKashi"
"32051";"31859";"1";"121439954563203_2269049290034195";"data";"fetched (200)";"2019-03-03 12:00:39.156000";"Facebook:<page>/posts";"";"प्रधानमंत्री श्री नरेंद्र मोदी वाराणसी में विभिन्न विकास परियोजनाओं का लोकार्पण व शिलान्यास कर रहे हैं।  #BadalRahiHaiKashi"
"32052";"31859";"1";"121439954563203_2293873227365605";"data";"fetched (200)";"2019-03-03 12:00:39.156000";"Facebook:<page>/posts";"";"LIVE: PM Shri Narendra Modi lays foundation stone & inaugurates various development projects in Varanasi."
"32053";"31859";"1";"121439954563203_2755283671178805";"data";"fetched (200)";"2019-03-03 12:00:39.156000";"Facebook:<page>/posts";"";"PM Narendra Modi with his special friends at Kashi. #BadalRahiHaiKashi"
"32054";"31859";"1";"121439954563203_542626229582743";"data";"fetched (200)";"2019-03-03 12:00:39.156000";"Facebook:<page>/posts";"";"LIVE : PM Shri Narendra Modi lays foundation stone for Guru Ravidas birthplace development project. #BadalRahiHaiKashi"
"32055";"31859";"1";"121439954563203_380137502781167";"data";"fetched (200)";"2019-03-03 12:00:39.156000";"Facebook:<page>/posts";"";"LIVE : PM Shri Narendra Modi flags off conversion locomotive from DLW, Varanasi, Uttar Pradesh"
"32056";"31859";"1";"121439954563203_2754905984549907";"data";"fetched (200)";"2019-03-03 12:00:39.156000";"Facebook:<page>/posts";"";"प्रधानमंत्री श्री नरेन्द्र मोदी आज वाराणसी में विभिन्न विकास परियोजनाओं का लोकार्पण व शिलान्यास करेंगे। #BadalRahiHaiKashi  लाइव देखें  ➡︎ facebook.com/BJP4India ➡︎ bjplive.org ➡︎ youtube.com/BJP4India"
"32057";"31859";"1";"121439954563203_2754900164550489";"data";"fetched (200)";"2019-03-03 12:00:39.156000";"Facebook:<page>/posts";"";"परम पराक्रमी, अद्भुत साहस व शौर्य के प्रतीक, कुशल प्रशासक और धर्म के प्रति समर्पित छत्रपति शिवाजी महाराज की जयंती पर उन्हें शत्-शत् नमन।"
"32058";"31859";"1";"121439954563203_2754896584550847";"data";"fetched (200)";"2019-03-03 12:00:39.156000";"Facebook:<page>/posts";"";"अपने आध्यात्मिक व सामाजिक संदेशों से समाज में व्याप्त कुरितियों को दूर करने वाले महान समाज सुधारक, परम ज्ञानी संत शिरोमणि रविदास जी की जयंती पर कोटि-कोटि नमन।"
"32059";"31859";"1";"121439954563203_2753855301321642";"data";"fetched (200)";"2019-03-03 12:00:39.156000";"Facebook:<page>/posts";"";"लोकसभा चुनाव में भाजपा-शिवसेना का गठबंधन महाराष्ट्र में 48 सीटों में से 45 सीटों पर विजय प्राप्त करेगा: श्री अमित शाह #NDAToWin45InMaha"
"32060";"31859";"1";"121439954563203_2753264418047397";"data";"fetched (200)";"2019-03-03 12:00:39.156000";"Facebook:<page>/posts";"";"सेना को मजबूत करना, आधुनिक बनाना, जवानों को आधुनिक हथियार देना और अधिकार देना, इन सभी पर भाजपा सरकार ने अच्छे कार्यों की शुरुआत की है।  आतंकवाद को उचित जवाब देने के लिए नरेन्द्र मोदी सरकार ने हर मोर्चे पर मजबूत नीति की शुरुआत की है और उसमें सफलता भी प्राप्त की है: श्री अमित शाह"
"32061";"31859";"1";"121439954563203_2753283311378841";"data";"fetched (200)";"2019-03-03 12:00:39.156000";"Facebook:<page>/posts";"";"आज पूरा देश 45 शहीद जवानों के परिवार के साथ चट्टान की तरह खड़ा है।   नरेन्द्र मोदी सरकार इनके बलिदान को व्यर्थ नहीं जाने देगी।  सैनिकों की शहादत का हमारी सेना उचित जवाब देगी: श्री अमित शाह #बूथ_बूथ_पर_भाजपा"
"32062";"31859";"1";"121439954563203_2753255181381654";"data";"fetched (200)";"2019-03-03 12:00:39.156000";"Facebook:<page>/posts";"";"भाजपा न कभी पराजय से निराश होती है, न कभी जीत का अहंकार रखती है।  हम सेवा भाव से कार्य करने वाले दल हैं। हमारा लक्ष्य सत्ता पाना नहीं, बल्कि जनता की सेवा करना है।  2019 के चुनाव में भाजपा हर बूथ पर विजय प्राप्त करने के लिए संकल्पबद्ध है: श्री अमित शाह  #बूथ_बूथ_पर_भाजपा"
"32063";"31859";"1";"121439954563203_306012473432951";"data";"fetched (200)";"2019-03-03 12:00:39.156000";"Facebook:<page>/posts";"";"लाइव देखें : भाजपा राष्ट्रीय अध्यक्ष श्री अमित शाह जी जयपुर में शक्ति केंद्र सम्मेलन को संबोधित कर रहे हैं। #बूथ_बूथ_पर_भाजपा"
"32064";"31859";"1";"121439954563203_2752990138074825";"data";"fetched (200)";"2019-03-03 12:00:39.156000";"Facebook:<page>/posts";"";"'Mera Parivar Bhajapa Parivar', a nation-wide campaign, 5 crore BJP workers and well wishers across the country will put up BJP's flag and stickers at their homes.  We urge you to show your support to this campaign. Share your moments with us using #MeraParivarBhajapaParivar."
"32065";"31859";"1";"121439954563203_2331538456858484";"data";"fetched (200)";"2019-03-03 12:00:39.156000";"Facebook:<page>/posts";"";"LIVE : PM Shri Narendra Modi attends presentation ceremony of Tagore Award for Cultural Harmony"
"32066";"31859";"1";"121439954563203_2751575641549608";"data";"fetched (200)";"2019-03-03 12:00:39.156000";"Facebook:<page>/posts";"";"भाजपा राष्ट्रीय अध्यक्ष श्री अमित शाह के आज जयपुर, राजस्थान में संगठनात्मक एवं सार्वजनिक कार्यक्रम। लाइव देखें http://facebook.com/BJP4India  पर।"
"32067";"31859";"1";"121439954563203";"offcut";"fetched (200)";"2019-03-03 12:00:39.156000";"Facebook:<page>/posts";"";""
"32068";"31859";"1";"121439954563203_2751072431599929";"data";"fetched (200)";"2019-03-03 12:00:39.528000";"Facebook:<page>/posts";"";"Congress led UPA govt gave only Rs 79,000 crore under the 13th Finance Commission to Assam.  However, in the 14th Finance Commission, BJP govt allocated Rs 1.55 lakh crore to Assam: Shri Amit Shah"
"32069";"31859";"1";"121439954563203_2751068228267016";"data";"fetched (200)";"2019-03-03 12:00:39.528000";"Facebook:<page>/posts";"";"Misinformation is being spread about the Citizenship (Amendment) Bill.  It's not only for Northeast alone, but for all refugees across the country.  The way demography is changing in Assam, without the Citizenship Bill, the people of the state will be in danger : Shri Amit Shah"
"32070";"31859";"1";"121439954563203_2750768211630351";"data";"fetched (200)";"2019-03-03 12:00:39.528000";"Facebook:<page>/posts";"";"प्रधानमंत्री ऊर्जा गंगा परियोजना से बरौनी के फर्टिलाइजर कारखाने को गैस मिलेगी, पटना में पाइप के माध्यम से गैस देने का काम होगा और यहां पर उद्योगों को पर्याप्त मात्रा में गैस मिलेगी : पीएम श्री नरेन्द्र मोदी"
"32071";"31859";"1";"121439954563203_240081716944745";"data";"fetched (200)";"2019-03-03 12:00:39.528000";"Facebook:<page>/posts";"";"LIVE : Shri Amit Shah performs Bhoomi Poojan of Assam BJP State office in Guwahati, Assam."
"32072";"31859";"1";"121439954563203_2750889371618235";"data";"fetched (200)";"2019-03-03 12:00:39.528000";"Facebook:<page>/posts";"";"We pay our tribute to the martyrs of the Pulwama terror attack.  The sacrifices of our brave security personnel will not go in vain because India has a govt in the centre that takes decisive actions : Shri @AmAmit Shah"
"32073";"31859";"1";"121439954563203_949068645292560";"data";"fetched (200)";"2019-03-03 12:00:39.528000";"Facebook:<page>/posts";"";"LIVE : PM Shri NarendraModi lays foundation stone and inaugurates development projects in Hazaribagh, Jharkhand. #JharkhandWithModi"
"32074";"31859";"1";"121439954563203_2750757281631444";"data";"fetched (200)";"2019-03-03 12:00:39.528000";"Facebook:<page>/posts";"";"मैं देश के लिए शहीद हुए वीर जवानों को श्रद्धांजलि देता हूं और उनके परिजनों के साथ अपनी संवेदनाएं प्रकट करता हूं।  मैं अनुभव कर रहा हूं कि देशवासियों के दिल में कितनी आग है।  जो आग आपके दिल में लगी है वही मेरे अंदर भी धधक रही है : पीएम श्री नरेन्द्र मोदी"
"32075";"31859";"1";"121439954563203_415916242498922";"data";"fetched (200)";"2019-03-03 12:00:39.528000";"Facebook:<page>/posts";"";"LIVE : PM Shri Narendra Modi lays foundation stone and inaugurates development projects in Barauni, Bihar."
"32076";"31859";"1";"121439954563203_2748877055152800";"data";"fetched (200)";"2019-03-03 12:00:39.528000";"Facebook:<page>/posts";"";"पीएम श्री नरेन्द्र मोदी कल बिहार और झारखण्ड में विभिन्न विकास परियोजनाओं का लोकार्पण एवं शिलान्यास करेंगे। लाइव देखें facebook.com/BJP4India पर।"
"32077";"31859";"1";"121439954563203_2748549118518927";"data";"fetched (200)";"2019-03-03 12:00:39.528000";"Facebook:<page>/posts";"";"महाराष्ट्र में पानी की कमी दूर करने के लिए केंद्र सरकार हर संभव प्रयास कर रही है।  सूखाग्रस्त इलाकों के लिए 91 सिंचाई परियोजनाओं को मंजूरी दी गई है।  करीब 14,000 करोड़ रुपये की इन परियोजनाओं से पौने चार लाख हेक्टेयर से ज्यादा भूमि सिंचाई के दायरे में आ सकेगी : पीएम मोदी"
"32078";"31859";"1";"121439954563203_2748296295210876";"data";"fetched (200)";"2019-03-03 12:00:39.528000";"Facebook:<page>/posts";"";"भारत नई नीति और नई रीति का देश है। ये अब दुनिया भी अनुभव करेगी।   बंदूक चलाने वाला हो या बंदूक पकड़ाने वाला, बम दागने वाला या बम देने वाला, हमारे बहादुर सुरक्षा बल किसी को चैन से सोने नहीं देंगे : पीएम श्री नरेन्द्र मोदी"
"32079";"31859";"1";"121439954563203_396781751099127";"data";"fetched (200)";"2019-03-03 12:00:39.528000";"Facebook:<page>/posts";"";"LIVE : PM Shri Narendra Modi lays foundation stone & inaugurates development projects in Dhule, Maharashtra."
"32080";"31859";"1";"121439954563203_2748028028571036";"data";"fetched (200)";"2019-03-03 12:00:39.528000";"Facebook:<page>/posts";"";"प्रधानमंत्री किसान सम्मान निधि के नाम से सरकार ने किसानों की सीधी आर्थिक सहायता करने की योजना बनाई है।  इसके अंतर्गत 5 एकड़ से कम जमीन वाले किसानों के बैंक खाते में हर वर्ष 6 हजार रुपये जमा किए जाएंगे।  महाराष्ट्र के लगभग 1.2 करोड़ किसान परिवारों को इसका सीधा लाभ मिलेगा: प्रधानमंत्री श्री नरेन्द्र मोदी"
"32081";"31859";"1";"121439954563203_2748016281905544";"data";"fetched (200)";"2019-03-03 12:00:39.528000";"Facebook:<page>/posts";"";"प्रधानमंत्री आवास योजना के अंतर्गत बने घर गरीबों को आत्मविश्वास दे रहे हैं और महिला सशक्तिकरण का साधन भी बन रहे हैं।  इतिहास में पहली बार घुमंतू समुदाय का ख्याल रखा गया है। इस बार बजट में इन समुदायों के लिए सरकार ने विकास कल्याण बोर्ड बनाने का फैसला किया है : पीएम मोदी"
"32082";"31859";"1";"121439954563203_2747794118594427";"data";"fetched (200)";"2019-03-03 12:00:39.528000";"Facebook:<page>/posts";"";"पुलवामा आतंकी हमले में जिन परिवारों ने अपने लाल को खोया है, उनकी पीड़ा में अनुभव कर रहा हूं।  मैंने कल भी कहा था और आज भी दोहरा रहा हूं कि उनका बलिदान व्यर्थ नहीं जायेगा।  इस हमले के जिम्मेदार आतंकी जितना भी छुपने की कोशिश कर लें, उन्हें सजा जरूर दी जाएगी : पीएम श्री नरेन्द्र मोदी"
"32083";"31859";"1";"121439954563203_784406798599475";"data";"fetched (200)";"2019-03-03 12:00:39.528000";"Facebook:<page>/posts";"";"LIVE : PM Shri Narendra Modi lays foundation stone and inaugurates development projects in Yavatmal, Maharashtra."
"32084";"31859";"1";"121439954563203_2746085542098618";"data";"fetched (200)";"2019-03-03 12:00:39.528000";"Facebook:<page>/posts";"";"पीएम श्री नरेन्द्र मोदी पुलवामा के आतंकवादी हमले में शहीद हुए जवानों को श्रद्धांजलि देते हुए।"
"32085";"31859";"1";"121439954563203_2745439758829863";"data";"fetched (200)";"2019-03-03 12:00:39.528000";"Facebook:<page>/posts";"";"हमारे वीर जवानों ने देश की रक्षा में अपने प्राणों की आहुति दी है। उनका बलिदान व्यर्थ नहीं जाएगा, ये भरोसा झांसी की धरती से, वीरों ओर वीरांगनाओं की धरती से मैं 130 करोड़ देशवासियों को देना चाहता हूं : पीएम श्री नरेन्द्र मोदी"
"32086";"31859";"1";"121439954563203_2745408528832986";"data";"fetched (200)";"2019-03-03 12:00:39.528000";"Facebook:<page>/posts";"";"पाकिस्तान में बैठे हुए हमारे दुश्मन समझ लें कि आपने जो रास्ता अपनाया है, उससे आपने अपनी बर्बादी देखी है।  हमने जो रास्ता अपनाया है, हमारी दिन दूनी-रात चौगुनी उन्नति भी दुनिया देख रही है : पीएम श्री नरेन्द्र मोदी"
"32087";"31859";"1";"121439954563203_2745333252173847";"data";"fetched (200)";"2019-03-03 12:00:39.528000";"Facebook:<page>/posts";"";"पुलवामा के आतंकवादी हमले में शहीद हुए जवानों को शत्-शत् नमन..."
"32088";"31859";"1";"121439954563203_625135944586780";"data";"fetched (200)";"2019-03-03 12:00:39.528000";"Facebook:<page>/posts";"";"LIVE: PM Shri Narendra Modi lays foundation stone and inaugurates development projects at Jhansi, Uttar Pradesh."
"32089";"31859";"1";"121439954563203_2744952308878608";"data";"fetched (200)";"2019-03-03 12:00:39.528000";"Facebook:<page>/posts";"";"पुलवामा जैसे हमलों का पूरा देश डटकर मुकाबला करेगा।  मैं सभी वीर शहीदों की आत्मा को नमन करते हुए देश को यह विश्वास दिलाता हूं कि उनके सपनों को पूरा करने के लिए हम अपने जीवन का पल-पल खपा देंगे: प्रधानमंत्री श्री नरेन्द्र मोदी"
"32090";"31859";"1";"121439954563203_2744951045545401";"data";"fetched (200)";"2019-03-03 12:00:39.528000";"Facebook:<page>/posts";"";"हमारे पड़ोसी देश को ये लगता है कि वो ऐसी तबाही मचाकर भारत को बदहाल कर सकता है, तो वो ऐसा ख्वाब देखना छोड़ दे। उसके ये मंसूबे कभी पूरे नहीं होने वाले हैं।    130 करोड़ हिंदुस्तानी ऐसी हर साजिश, ऐसे हर हमले का मुंहतोड़ जवाब देंगे: प्रधानमंत्री श्री नरेन्द्र मोदी"
"32091";"31859";"1";"121439954563203_2744862335554272";"data";"fetched (200)";"2019-03-03 12:00:39.528000";"Facebook:<page>/posts";"";"हमारे सुरक्षा बलों को पूर्ण स्वतंत्रता दे दी गई है।  मैं आतंकी संगठनों और उनके सरपरस्तों को कहना चाहता हूं कि वे बहुत बड़ी गलती कर चुके हैं।  इस हमले के जो गुनहगार हैं, उन्हें इसकी सजा अवश्य मिलेगी: प्रधानमंत्री श्री नरेन्द्र मोदी"
"32092";"31859";"1";"121439954563203_2059946644296851";"data";"fetched (200)";"2019-03-03 12:00:39.528000";"Facebook:<page>/posts";"";"LIVE: Media briefing by Dr. Sambit Patra"
"32093";"31859";"1";"121439954563203";"offcut";"fetched (200)";"2019-03-03 12:00:39.528000";"Facebook:<page>/posts";"";""
"32094";"31859";"1";"121439954563203_288909491791748";"data";"fetched (200)";"2019-03-03 12:00:39.528000";"Facebook:<page>/posts";"";"LIVE: PM Narendra Modi flags off Vande Bharat Express."
"32095";"31859";"1";"121439954563203_2743216149052224";"data";"fetched (200)";"2019-03-03 12:00:39.528000";"Facebook:<page>/posts";"";"कश्मीर में पाकिस्तान द्वारा पोषित और संरक्षित आतंकी संगठन जैश-ए-मोहम्मद द्वारा CRPF के वीर जवानों पर किए गए कायरतापूर्ण आतंकी हमले की मैं भर्त्सना करता हूं। इस हमले का समुचित जवाब देने के लिए देश एकजुट है : गृह मंत्री श्री राजनाथ सिंह"
"32096";"31859";"1";"121439954563203_658374421251748";"data";"fetched (200)";"2019-03-03 12:00:39.528000";"Facebook:<page>/posts";"";"LIVE : Shri Amit Shah addresses Intellectuals Meet in Hospet, Karnataka."
"32097";"31859";"1";"121439954563203_354219705424000";"data";"fetched (200)";"2019-03-03 12:00:39.528000";"Facebook:<page>/posts";"";"LIVE : Shri Amit Shah addresses Shakti Kendra Pramukh Samavesh in Sindhanur, Karnataka."
"32098";"31859";"1";"121439954563203_2742604322446740";"data";"fetched (200)";"2019-03-03 12:00:39.528000";"Facebook:<page>/posts";"";"Alliance of DMK and Congress is not for the development of Tamil Nadu but it’s an alliance for scams and corruption.   Watch this space to know what NDA government has done for Tamil Nadu : Shri Amit Shah"
"32099";"31859";"1";"121439954563203_2742580302449142";"data";"fetched (200)";"2019-03-03 12:00:39.528000";"Facebook:<page>/posts";"";"Rs. 1,213 crore and Rs. 161 crore has been allocated by NDA govt for the development of textile industry and upgradation of powerloom sector respectively in Tamil Nadu : Shri Amit Shah in Erode, Tamil Nadu."
"32100";"31859";"1";"121439954563203_406360606805365";"data";"fetched (200)";"2019-03-03 12:00:39.528000";"Facebook:<page>/posts";"";"Shri Amit Shah addresses Shakti Kendra Sammelan in Erode, Tamil Nadu."
"32101";"31859";"1";"121439954563203_2742413685799137";"data";"fetched (200)";"2019-03-03 12:00:39.528000";"Facebook:<page>/posts";"";"World’s biggest Financial Inclusion scheme, Pradhan Mantri Jan Dhan Yojana has empowered the poor and rural people by bringing a change in their saving behavior."
"32102";"31859";"1";"121439954563203_2250924341834679";"data";"fetched (200)";"2019-03-03 12:00:39.528000";"Facebook:<page>/posts";"";"LIVE : Shri Amit Shah addresses Handloom & Powerloom Associations in Erode, Tamil Nadu."
"32103";"31859";"1";"121439954563203_2741806662526506";"data";"fetched (200)";"2019-03-03 12:00:39.528000";"Facebook:<page>/posts";"";"Schedule of Shri Amit Shah’s public programs in Tamil Nadu and Karnataka today. Watch live on all digital platforms of Bharatiya Janata Party (BJP)."
"32104";"31859";"1";"121439954563203_2741827649191074";"data";"fetched (200)";"2019-03-03 12:00:39.528000";"Facebook:<page>/posts";"";"प्रधानमंत्री श्री नरेन्द्र मोदी आज दोपहर 3 बजे देवभूमि उत्तराखंड में विजय संकल्प महारैली को सम्बोधित करेंगे।  लाइव देखें  ➞ facebook.com/BJP4India ➞ http://bit.ly/2ofH4S4 ➞ bjplive.org  #NaMoInDevBhumi"
"32105";"31859";"1";"121439954563203_2740618639311975";"data";"fetched (200)";"2019-03-03 12:00:39.528000";"Facebook:<page>/posts";"";"Like a fish out of water, Rahul's fellow scamster, P Chidambaram suffers a meltdown when asked about his corruption cases.  Mr PC, thanks for clarifying that courts have final authority to decide corruption charges!  Now go tutor your master on SC dismissing false Rafale charges!"
"32106";"31859";"1";"121439954563203_2740319476008558";"data";"fetched (200)";"2019-03-03 12:00:39.528000";"Facebook:<page>/posts";"";"यहां लिबरल उपदेश देने वाले जरा बताएं  यहां प्लेट पर 13 में से सिर्फ 3 प्रधानमंत्रियों के ही नाम क्यों लिखे हैं?: प्रधानमंत्री श्री नरेन्द्र मोदी  #DeshKaLeaderModi"
"32107";"31859";"1";"121439954563203_2740166556023850";"data";"fetched (200)";"2019-03-03 12:00:39.528000";"Facebook:<page>/posts";"";"The rap India had to wait for decades to tap!  “Banda Apna Sahi Hai...  बंदा अपना सही है...”  Download from bit.ly/BandaApnaSahiHai"
"32108";"31859";"1";"121439954563203_2210974785821698";"data";"fetched (200)";"2019-03-03 12:00:39.528000";"Facebook:<page>/posts";"";"LIVE : PM Shri Narendra Modi addresses 'CREDAI YouthCon 2019' in New Delhi."
"32109";"31859";"1";"121439954563203_2739922442714928";"data";"fetched (200)";"2019-03-03 12:00:39.528000";"Facebook:<page>/posts";"";"पहली बार इस सदन में आने पर ही मुझे पता चला कि गले मिलने और गले पड़ने में क्या अंतर होता है।   इसी सदन में मैंने पहली बार आंखों की गुस्ताखियों वाला खेल भी देखा : प्रधानमंत्री श्री नरेन्द्र मोदी, लोकसभा में #DeshKaLeaderModi"
"32110";"31859";"1";"121439954563203_2739914396049066";"data";"fetched (200)";"2019-03-03 12:00:39.528000";"Facebook:<page>/posts";"";"सदन में हम सुनते थे कि भूकंप आएगा, लेकिन 5 साल का कार्यकाल अब पूरा हो रहा है और कोई भूकंप नहीं आया।   कभी हवाई जहाज उड़ाए गए, पर लोकतंत्र और लोकसभा की मर्यादा इतनी ऊंची है कि इसे कोई फर्क नहीं पड़ा : प्रधानमंत्री श्री नरेन्द्र मोदी, लोकसभा में #DeshKaLeaderModi"
"32111";"31859";"1";"121439954563203_2739525749421264";"data";"fetched (200)";"2019-03-03 12:00:39.528000";"Facebook:<page>/posts";"";"“The dynast knows that his 500 crore vs 1600 crore kindergarten argument was a fictional story. Even before the contents of CAG report are known, a ‘Peshbandi’ attack on the institution of the CAG is launched.""  From the desk of Shri Arun Jaitley bit.ly/Mahajhootbandhan"
"32112";"31859";"1";"121439954563203_412159232889952";"data";"fetched (200)";"2019-03-03 12:00:39.528000";"Facebook:<page>/posts";"";"LIVE: PM Shri Narendra Modi's speech in Lok Sabha."
"32113";"31859";"1";"121439954563203_2739520889421750";"data";"fetched (200)";"2019-03-03 12:00:39.528000";"Facebook:<page>/posts";"";"How many lies are necessary to be peddled to save a sinking dynasty?   The latest is in relation to the present CAG and his participation in the decision making process of Rafale deal.  Read Shri Arun Jaitley’s blog demolishing this falsehood at bit.ly/Mahajhootbandhan"
"32114";"31859";"1";"121439954563203_2739449212762251";"data";"fetched (200)";"2019-03-03 12:00:39.528000";"Facebook:<page>/posts";"";"भाजपा राष्ट्रीय अध्यक्ष श्री अमित शाह प्रयागराज, कुम्भ में स्नान कर पूजा अर्चना करते हुए। #Kumbh2019"
"32115";"31859";"1";"121439954563203_2739429136097592";"data";"fetched (200)";"2019-03-03 12:00:39.528000";"Facebook:<page>/posts";"";"भाजपा राष्ट्रीय अध्यक्ष श्री अमित शाह जी ने संगम नगरी प्रयागराज में दिव्य व भव्य कुम्भ में आध्यात्मिक गुरुओं व संतों के साथ पवित्र स्नान किया। #Kumbh2019"
"32116";"31859";"1";"121439954563203_2739366759437163";"data";"fetched (200)";"2019-03-03 12:00:39.528000";"Facebook:<page>/posts";"";"The nation stands on a strong foundation to build a New India by 2022."
"32117";"31859";"1";"121439954563203_2739226312784541";"data";"fetched (200)";"2019-03-03 12:00:39.528000";"Facebook:<page>/posts";"";"न्यू इंडिया का होगा सपना साकार, अबकी बार फिर मोदी सरकार। #Modi4NewIndia"
"32118";"31859";"1";"121439954563203_2739051212802051";"data";"fetched (200)";"2019-03-03 12:00:39.528000";"Facebook:<page>/posts";"";"A passion to transform...‬  ‪A pro-active government...‬  ‪A futuristic approach...‬  ‪An unmatched vision...‬  ‪We have every reason to believe that PM @narendramodi’s vision of a New India will indeed be a reality. #Modi4NewIndia"
